movie_name,movie_description,movie_link
movie_name,movie_description,movie_link
movie_name,movie_description,movie_link
movie_name,movie_description,movie_link
movie_name,movie_description,movie_link
The Shawshank Redemption,"<selenium.webdriver.remote.webelement.WebElement (session=""16774413e9468f4230035ae3a6f9a0ca"", element=""72f6f0ee-5d9c-4e66-b8d7-ff79803c366e"")>",https://www.imdb.com/title/tt0111161/?pf_rd_m=A2FGELUUNOQJNL&pf_rd_p=e31d89dd-322d-4646-8962-327b42fe94b1&pf_rd_r=5S6PFSHKS6M4YXMFWCRD&pf_rd_s=center-1&pf_rd_t=15506&pf_rd_i=top&ref_=chttp_tt_1
The Godfather,"<selenium.webdriver.remote.webelement.WebElement (session=""16774413e9468f4230035ae3a6f9a0ca"", element=""8bab6555-fe81-4c66-aeee-21ba1ae145b2"")>",https://www.imdb.com/title/tt0068646/?pf_rd_m=A2FGELUUNOQJNL&pf_rd_p=e31d89dd-322d-4646-8962-327b42fe94b1&pf_rd_r=E1PZFTPHS8Y5KMD7XWEC&pf_rd_s=center-1&pf_rd_t=15506&pf_rd_i=top&ref_=chttp_tt_2
The Godfather: Part II,"<selenium.webdriver.remote.webelement.WebElement (session=""16774413e9468f4230035ae3a6f9a0ca"", element=""058f9ce6-6718-49f5-ba73-88d8a2ef2301"")>",https://www.imdb.com/title/tt0071562/?pf_rd_m=A2FGELUUNOQJNL&pf_rd_p=e31d89dd-322d-4646-8962-327b42fe94b1&pf_rd_r=KZAYX7JSF72JTDGQFSS6&pf_rd_s=center-1&pf_rd_t=15506&pf_rd_i=top&ref_=chttp_tt_3
The Dark Knight,"<selenium.webdriver.remote.webelement.WebElement (session=""16774413e9468f4230035ae3a6f9a0ca"", element=""f4ed965a-7ef0-4786-863c-1274682c75af"")>",https://www.imdb.com/title/tt0468569/?pf_rd_m=A2FGELUUNOQJNL&pf_rd_p=e31d89dd-322d-4646-8962-327b42fe94b1&pf_rd_r=FANCZCF13AV05QYGRE58&pf_rd_s=center-1&pf_rd_t=15506&pf_rd_i=top&ref_=chttp_tt_4
12 Angry Men,"<selenium.webdriver.remote.webelement.WebElement (session=""16774413e9468f4230035ae3a6f9a0ca"", element=""c1e3f149-f90b-4de3-b4e4-6b5c9e0ee85b"")>",https://www.imdb.com/title/tt0050083/?pf_rd_m=A2FGELUUNOQJNL&pf_rd_p=e31d89dd-322d-4646-8962-327b42fe94b1&pf_rd_r=Y6ZE8KKG73B8VJETVHSB&pf_rd_s=center-1&pf_rd_t=15506&pf_rd_i=top&ref_=chttp_tt_5
Schindler's List,"<selenium.webdriver.remote.webelement.WebElement (session=""16774413e9468f4230035ae3a6f9a0ca"", element=""11400cbf-dd15-496e-aa65-af27b9ba5238"")>",https://www.imdb.com/title/tt0108052/?pf_rd_m=A2FGELUUNOQJNL&pf_rd_p=e31d89dd-322d-4646-8962-327b42fe94b1&pf_rd_r=MJ7FPENS6JS4MNQ2J1GC&pf_rd_s=center-1&pf_rd_t=15506&pf_rd_i=top&ref_=chttp_tt_6
The Lord of the Rings: The Return of the King,"<selenium.webdriver.remote.webelement.WebElement (session=""16774413e9468f4230035ae3a6f9a0ca"", element=""1b1b013d-16d8-44fe-9246-9f89064616e8"")>",https://www.imdb.com/title/tt0167260/?pf_rd_m=A2FGELUUNOQJNL&pf_rd_p=e31d89dd-322d-4646-8962-327b42fe94b1&pf_rd_r=V58X4R9NSDN3SYWW2F4C&pf_rd_s=center-1&pf_rd_t=15506&pf_rd_i=top&ref_=chttp_tt_7
Pulp Fiction,"<selenium.webdriver.remote.webelement.WebElement (session=""16774413e9468f4230035ae3a6f9a0ca"", element=""099062de-2409-4b06-874b-b480b7a67211"")>",https://www.imdb.com/title/tt0110912/?pf_rd_m=A2FGELUUNOQJNL&pf_rd_p=e31d89dd-322d-4646-8962-327b42fe94b1&pf_rd_r=KVBXSJVN5157CMZMGVT0&pf_rd_s=center-1&pf_rd_t=15506&pf_rd_i=top&ref_=chttp_tt_8
"The Good, the Bad and the Ugly","<selenium.webdriver.remote.webelement.WebElement (session=""16774413e9468f4230035ae3a6f9a0ca"", element=""680c56fc-6e2e-47d3-ac19-bc25d9143420"")>",https://www.imdb.com/title/tt0060196/?pf_rd_m=A2FGELUUNOQJNL&pf_rd_p=e31d89dd-322d-4646-8962-327b42fe94b1&pf_rd_r=2GTAHP2YRRZFA6KAV3JE&pf_rd_s=center-1&pf_rd_t=15506&pf_rd_i=top&ref_=chttp_tt_9
Fight Club,"<selenium.webdriver.remote.webelement.WebElement (session=""16774413e9468f4230035ae3a6f9a0ca"", element=""ca0e2f94-9d99-44da-a7d2-ef02427959c6"")>",https://www.imdb.com/title/tt0137523/?pf_rd_m=A2FGELUUNOQJNL&pf_rd_p=e31d89dd-322d-4646-8962-327b42fe94b1&pf_rd_r=8SB6GX27HM2RS1TYJR7Z&pf_rd_s=center-1&pf_rd_t=15506&pf_rd_i=top&ref_=chttp_tt_10
The Lord of the Rings: The Fellowship of the Ring,"<selenium.webdriver.remote.webelement.WebElement (session=""16774413e9468f4230035ae3a6f9a0ca"", element=""b5c6de44-640f-4d04-99f8-d2a6265617a5"")>",https://www.imdb.com/title/tt0120737/?pf_rd_m=A2FGELUUNOQJNL&pf_rd_p=e31d89dd-322d-4646-8962-327b42fe94b1&pf_rd_r=ZJAA0PVHTK6QEV5FTAKX&pf_rd_s=center-1&pf_rd_t=15506&pf_rd_i=top&ref_=chttp_tt_11
Forrest Gump,"<selenium.webdriver.remote.webelement.WebElement (session=""16774413e9468f4230035ae3a6f9a0ca"", element=""7f76e508-7247-4d6a-b669-ac4f43cd7e36"")>",https://www.imdb.com/title/tt0109830/?pf_rd_m=A2FGELUUNOQJNL&pf_rd_p=e31d89dd-322d-4646-8962-327b42fe94b1&pf_rd_r=CM4VZY3DVP6N7CXYQNW1&pf_rd_s=center-1&pf_rd_t=15506&pf_rd_i=top&ref_=chttp_tt_12
Inception,"<selenium.webdriver.remote.webelement.WebElement (session=""16774413e9468f4230035ae3a6f9a0ca"", element=""e0e5e20b-5adf-46f6-b91c-d2d078290ae8"")>",https://www.imdb.com/title/tt1375666/?pf_rd_m=A2FGELUUNOQJNL&pf_rd_p=e31d89dd-322d-4646-8962-327b42fe94b1&pf_rd_r=ZM2DJXPEMJ6M3W7DSXF1&pf_rd_s=center-1&pf_rd_t=15506&pf_rd_i=top&ref_=chttp_tt_13
Star Wars: Episode V - The Empire Strikes Back,"<selenium.webdriver.remote.webelement.WebElement (session=""16774413e9468f4230035ae3a6f9a0ca"", element=""b05d5851-e774-41f3-b765-d4edf00087fd"")>",https://www.imdb.com/title/tt0080684/?pf_rd_m=A2FGELUUNOQJNL&pf_rd_p=e31d89dd-322d-4646-8962-327b42fe94b1&pf_rd_r=XBJTWS3ZN3CXF3MJZ83Y&pf_rd_s=center-1&pf_rd_t=15506&pf_rd_i=top&ref_=chttp_tt_14
The Lord of the Rings: The Two Towers,"<selenium.webdriver.remote.webelement.WebElement (session=""16774413e9468f4230035ae3a6f9a0ca"", element=""25b8e278-34c0-432e-8f78-014ab9f37052"")>",https://www.imdb.com/title/tt0167261/?pf_rd_m=A2FGELUUNOQJNL&pf_rd_p=e31d89dd-322d-4646-8962-327b42fe94b1&pf_rd_r=Y3VDRPX1R74GVD14XWJT&pf_rd_s=center-1&pf_rd_t=15506&pf_rd_i=top&ref_=chttp_tt_15
The Matrix,"<selenium.webdriver.remote.webelement.WebElement (session=""16774413e9468f4230035ae3a6f9a0ca"", element=""d22730be-e0f2-486c-b285-691debc54a39"")>",https://www.imdb.com/title/tt0133093/?pf_rd_m=A2FGELUUNOQJNL&pf_rd_p=e31d89dd-322d-4646-8962-327b42fe94b1&pf_rd_r=NMKWC83D6KWZK10Z1EFC&pf_rd_s=center-1&pf_rd_t=15506&pf_rd_i=top&ref_=chttp_tt_16
One Flew Over the Cuckoo's Nest,"<selenium.webdriver.remote.webelement.WebElement (session=""16774413e9468f4230035ae3a6f9a0ca"", element=""faa1e43c-fde3-4ead-bfc5-7ed57fdb667a"")>",https://www.imdb.com/title/tt0073486/?pf_rd_m=A2FGELUUNOQJNL&pf_rd_p=e31d89dd-322d-4646-8962-327b42fe94b1&pf_rd_r=SDG6BVAAEZ3GTT2PVNGB&pf_rd_s=center-1&pf_rd_t=15506&pf_rd_i=top&ref_=chttp_tt_17
Goodfellas,"<selenium.webdriver.remote.webelement.WebElement (session=""16774413e9468f4230035ae3a6f9a0ca"", element=""391d0d51-734c-47b0-befa-01a35f27ed04"")>",https://www.imdb.com/title/tt0099685/?pf_rd_m=A2FGELUUNOQJNL&pf_rd_p=e31d89dd-322d-4646-8962-327b42fe94b1&pf_rd_r=FKGTNAYZMMXVWRV6V6ZY&pf_rd_s=center-1&pf_rd_t=15506&pf_rd_i=top&ref_=chttp_tt_18
Seven Samurai,"<selenium.webdriver.remote.webelement.WebElement (session=""16774413e9468f4230035ae3a6f9a0ca"", element=""adb90c2e-549d-40d1-b230-a21bfb61f654"")>",https://www.imdb.com/title/tt0047478/?pf_rd_m=A2FGELUUNOQJNL&pf_rd_p=e31d89dd-322d-4646-8962-327b42fe94b1&pf_rd_r=164BMS77TTZ698F99VY0&pf_rd_s=center-1&pf_rd_t=15506&pf_rd_i=top&ref_=chttp_tt_19
Se7en,"<selenium.webdriver.remote.webelement.WebElement (session=""16774413e9468f4230035ae3a6f9a0ca"", element=""b24dd7e9-863a-4bfe-a647-75eff6215313"")>",https://www.imdb.com/title/tt0114369/?pf_rd_m=A2FGELUUNOQJNL&pf_rd_p=e31d89dd-322d-4646-8962-327b42fe94b1&pf_rd_r=4CVM4GNQ72C8E6K4SNE7&pf_rd_s=center-1&pf_rd_t=15506&pf_rd_i=top&ref_=chttp_tt_20
City of God,"<selenium.webdriver.remote.webelement.WebElement (session=""16774413e9468f4230035ae3a6f9a0ca"", element=""5341b353-30ab-4bde-9c9e-6c1faa3b1bef"")>",https://www.imdb.com/title/tt0317248/?pf_rd_m=A2FGELUUNOQJNL&pf_rd_p=e31d89dd-322d-4646-8962-327b42fe94b1&pf_rd_r=8SZ2VAX8AWCAP1EMK4VJ&pf_rd_s=center-1&pf_rd_t=15506&pf_rd_i=top&ref_=chttp_tt_21
Life Is Beautiful,"<selenium.webdriver.remote.webelement.WebElement (session=""16774413e9468f4230035ae3a6f9a0ca"", element=""77de13c1-6eb8-4274-9377-47859a35fac5"")>",https://www.imdb.com/title/tt0118799/?pf_rd_m=A2FGELUUNOQJNL&pf_rd_p=e31d89dd-322d-4646-8962-327b42fe94b1&pf_rd_r=KAEFWSJKQC64KQXJWB1T&pf_rd_s=center-1&pf_rd_t=15506&pf_rd_i=top&ref_=chttp_tt_22
The Silence of the Lambs,"<selenium.webdriver.remote.webelement.WebElement (session=""16774413e9468f4230035ae3a6f9a0ca"", element=""10a9acb6-63a3-4aae-b5d0-c1e8f344cfc6"")>",https://www.imdb.com/title/tt0102926/?pf_rd_m=A2FGELUUNOQJNL&pf_rd_p=e31d89dd-322d-4646-8962-327b42fe94b1&pf_rd_r=BGS5RSBS1S93AQQS8C7P&pf_rd_s=center-1&pf_rd_t=15506&pf_rd_i=top&ref_=chttp_tt_23
Star Wars: Episode IV - A New Hope,"<selenium.webdriver.remote.webelement.WebElement (session=""16774413e9468f4230035ae3a6f9a0ca"", element=""884ce46c-0ba1-4595-8a16-0469a0a86341"")>",https://www.imdb.com/title/tt0076759/?pf_rd_m=A2FGELUUNOQJNL&pf_rd_p=e31d89dd-322d-4646-8962-327b42fe94b1&pf_rd_r=RS8SN16MK2WTQSST7NND&pf_rd_s=center-1&pf_rd_t=15506&pf_rd_i=top&ref_=chttp_tt_24
It's a Wonderful Life,"<selenium.webdriver.remote.webelement.WebElement (session=""16774413e9468f4230035ae3a6f9a0ca"", element=""ace95ce5-3684-4f60-af52-9ee48371a4d2"")>",https://www.imdb.com/title/tt0038650/?pf_rd_m=A2FGELUUNOQJNL&pf_rd_p=e31d89dd-322d-4646-8962-327b42fe94b1&pf_rd_r=8RE3R76NWX4X9KHSFZFW&pf_rd_s=center-1&pf_rd_t=15506&pf_rd_i=top&ref_=chttp_tt_25
Saving Private Ryan,"<selenium.webdriver.remote.webelement.WebElement (session=""16774413e9468f4230035ae3a6f9a0ca"", element=""4a021a83-16aa-4b99-82ed-a130f8f33126"")>",https://www.imdb.com/title/tt0120815/?pf_rd_m=A2FGELUUNOQJNL&pf_rd_p=e31d89dd-322d-4646-8962-327b42fe94b1&pf_rd_r=RB1CP1SQ8PVJ92TZTES3&pf_rd_s=center-1&pf_rd_t=15506&pf_rd_i=top&ref_=chttp_tt_26
Spirited Away,"<selenium.webdriver.remote.webelement.WebElement (session=""16774413e9468f4230035ae3a6f9a0ca"", element=""e39b79a6-ffc9-438b-a12e-8275488689a8"")>",https://www.imdb.com/title/tt0245429/?pf_rd_m=A2FGELUUNOQJNL&pf_rd_p=e31d89dd-322d-4646-8962-327b42fe94b1&pf_rd_r=6HEAR1F7A8TGFME7984W&pf_rd_s=center-1&pf_rd_t=15506&pf_rd_i=top&ref_=chttp_tt_27
The Green Mile,"<selenium.webdriver.remote.webelement.WebElement (session=""16774413e9468f4230035ae3a6f9a0ca"", element=""209977dc-f18d-4699-9027-0cd03dcdc6c6"")>",https://www.imdb.com/title/tt0120689/?pf_rd_m=A2FGELUUNOQJNL&pf_rd_p=e31d89dd-322d-4646-8962-327b42fe94b1&pf_rd_r=4YQ1Y6WKCFD2RYB9FK6N&pf_rd_s=center-1&pf_rd_t=15506&pf_rd_i=top&ref_=chttp_tt_28
Léon: The Professional,"<selenium.webdriver.remote.webelement.WebElement (session=""16774413e9468f4230035ae3a6f9a0ca"", element=""5085d6df-f006-4b74-92ee-97d0eb241cf9"")>",https://www.imdb.com/title/tt0110413/?pf_rd_m=A2FGELUUNOQJNL&pf_rd_p=e31d89dd-322d-4646-8962-327b42fe94b1&pf_rd_r=3S5ANPKJAR5DZJRKDF6R&pf_rd_s=center-1&pf_rd_t=15506&pf_rd_i=top&ref_=chttp_tt_29
Interstellar,"<selenium.webdriver.remote.webelement.WebElement (session=""16774413e9468f4230035ae3a6f9a0ca"", element=""ad3d8dba-fa5f-4fac-9f7c-8c31ab0e6ebc"")>",https://www.imdb.com/title/tt0816692/?pf_rd_m=A2FGELUUNOQJNL&pf_rd_p=e31d89dd-322d-4646-8962-327b42fe94b1&pf_rd_r=C3KFZMQQ3DQTRC0XH640&pf_rd_s=center-1&pf_rd_t=15506&pf_rd_i=top&ref_=chttp_tt_30
The Usual Suspects,"<selenium.webdriver.remote.webelement.WebElement (session=""16774413e9468f4230035ae3a6f9a0ca"", element=""e896726e-265e-4b43-9241-ff2ba4e64c05"")>",https://www.imdb.com/title/tt0114814/?pf_rd_m=A2FGELUUNOQJNL&pf_rd_p=e31d89dd-322d-4646-8962-327b42fe94b1&pf_rd_r=3TN51K0VWP52FSAH3HAN&pf_rd_s=center-1&pf_rd_t=15506&pf_rd_i=top&ref_=chttp_tt_31
Avengers: Endgame,"<selenium.webdriver.remote.webelement.WebElement (session=""16774413e9468f4230035ae3a6f9a0ca"", element=""1ae34f2d-bca2-4ebc-bd07-3aebaf11f156"")>",https://www.imdb.com/title/tt4154796/?pf_rd_m=A2FGELUUNOQJNL&pf_rd_p=e31d89dd-322d-4646-8962-327b42fe94b1&pf_rd_r=NYRW8MGSZENCFN90JXJX&pf_rd_s=center-1&pf_rd_t=15506&pf_rd_i=top&ref_=chttp_tt_32
American History X,"<selenium.webdriver.remote.webelement.WebElement (session=""16774413e9468f4230035ae3a6f9a0ca"", element=""eb53ba2c-e42d-46f6-aa54-afe22f829767"")>",https://www.imdb.com/title/tt0120586/?pf_rd_m=A2FGELUUNOQJNL&pf_rd_p=e31d89dd-322d-4646-8962-327b42fe94b1&pf_rd_r=RABWV70WZKZ3E4AJ8RFG&pf_rd_s=center-1&pf_rd_t=15506&pf_rd_i=top&ref_=chttp_tt_33
The Lion King,"<selenium.webdriver.remote.webelement.WebElement (session=""16774413e9468f4230035ae3a6f9a0ca"", element=""92c7c213-e520-40f8-805c-8f8ef530c26c"")>",https://www.imdb.com/title/tt0110357/?pf_rd_m=A2FGELUUNOQJNL&pf_rd_p=e31d89dd-322d-4646-8962-327b42fe94b1&pf_rd_r=6SM34SW94AJ09E6YFS7W&pf_rd_s=center-1&pf_rd_t=15506&pf_rd_i=top&ref_=chttp_tt_34
Back to the Future,"<selenium.webdriver.remote.webelement.WebElement (session=""16774413e9468f4230035ae3a6f9a0ca"", element=""95093de7-f3a4-49ad-83ae-7b5d383d5eff"")>",https://www.imdb.com/title/tt0088763/?pf_rd_m=A2FGELUUNOQJNL&pf_rd_p=e31d89dd-322d-4646-8962-327b42fe94b1&pf_rd_r=2NTSBCJHT9Z75Q817TFP&pf_rd_s=center-1&pf_rd_t=15506&pf_rd_i=top&ref_=chttp_tt_35
Modern Times,"<selenium.webdriver.remote.webelement.WebElement (session=""16774413e9468f4230035ae3a6f9a0ca"", element=""a3868a74-93d5-4c57-b453-989adc9c1231"")>",https://www.imdb.com/title/tt0027977/?pf_rd_m=A2FGELUUNOQJNL&pf_rd_p=e31d89dd-322d-4646-8962-327b42fe94b1&pf_rd_r=M7WZYKGBQZC6RJ6XGMXK&pf_rd_s=center-1&pf_rd_t=15506&pf_rd_i=top&ref_=chttp_tt_36
The Pianist,"<selenium.webdriver.remote.webelement.WebElement (session=""16774413e9468f4230035ae3a6f9a0ca"", element=""0795c187-a507-49f2-98f7-e3781a4f10fc"")>",https://www.imdb.com/title/tt0253474/?pf_rd_m=A2FGELUUNOQJNL&pf_rd_p=e31d89dd-322d-4646-8962-327b42fe94b1&pf_rd_r=RM0SR5CYAVYVS9FNRGJ5&pf_rd_s=center-1&pf_rd_t=15506&pf_rd_i=top&ref_=chttp_tt_37
Terminator 2: Judgment Day,"<selenium.webdriver.remote.webelement.WebElement (session=""16774413e9468f4230035ae3a6f9a0ca"", element=""1ad7ee7f-2feb-44e4-913f-bf7f1f7be454"")>",https://www.imdb.com/title/tt0103064/?pf_rd_m=A2FGELUUNOQJNL&pf_rd_p=e31d89dd-322d-4646-8962-327b42fe94b1&pf_rd_r=QVYPP3BHSMFN7ZMPZENA&pf_rd_s=center-1&pf_rd_t=15506&pf_rd_i=top&ref_=chttp_tt_38
The Intouchables,"<selenium.webdriver.remote.webelement.WebElement (session=""16774413e9468f4230035ae3a6f9a0ca"", element=""35756189-0f4e-4311-b8d8-f4a3907529ac"")>",https://www.imdb.com/title/tt1675434/?pf_rd_m=A2FGELUUNOQJNL&pf_rd_p=e31d89dd-322d-4646-8962-327b42fe94b1&pf_rd_r=1QAGT3JNQYZ035QY4AH5&pf_rd_s=center-1&pf_rd_t=15506&pf_rd_i=top&ref_=chttp_tt_39
Psycho,"<selenium.webdriver.remote.webelement.WebElement (session=""16774413e9468f4230035ae3a6f9a0ca"", element=""5e065d37-b5ea-4810-9da1-3b62f293339e"")>",https://www.imdb.com/title/tt0054215/?pf_rd_m=A2FGELUUNOQJNL&pf_rd_p=e31d89dd-322d-4646-8962-327b42fe94b1&pf_rd_r=3WR3XJ2QR0ATMEQRM080&pf_rd_s=center-1&pf_rd_t=15506&pf_rd_i=top&ref_=chttp_tt_40
Gladiator,"<selenium.webdriver.remote.webelement.WebElement (session=""16774413e9468f4230035ae3a6f9a0ca"", element=""4e1766eb-5855-4536-a4c6-2c581d1bf1fe"")>",https://www.imdb.com/title/tt0172495/?pf_rd_m=A2FGELUUNOQJNL&pf_rd_p=e31d89dd-322d-4646-8962-327b42fe94b1&pf_rd_r=NVN8SCG6QGMX3KPGR53D&pf_rd_s=center-1&pf_rd_t=15506&pf_rd_i=top&ref_=chttp_tt_41
City Lights,"<selenium.webdriver.remote.webelement.WebElement (session=""16774413e9468f4230035ae3a6f9a0ca"", element=""4c30dda7-99fb-44c5-a01d-488937438816"")>",https://www.imdb.com/title/tt0021749/?pf_rd_m=A2FGELUUNOQJNL&pf_rd_p=e31d89dd-322d-4646-8962-327b42fe94b1&pf_rd_r=WDCTZDWPA27Y89R1HYWZ&pf_rd_s=center-1&pf_rd_t=15506&pf_rd_i=top&ref_=chttp_tt_42
The Departed,"<selenium.webdriver.remote.webelement.WebElement (session=""16774413e9468f4230035ae3a6f9a0ca"", element=""6c849c38-5006-47c0-ba98-89018e685691"")>",https://www.imdb.com/title/tt0407887/?pf_rd_m=A2FGELUUNOQJNL&pf_rd_p=e31d89dd-322d-4646-8962-327b42fe94b1&pf_rd_r=FJ8ND92PFHK4KYJ6V3NC&pf_rd_s=center-1&pf_rd_t=15506&pf_rd_i=top&ref_=chttp_tt_43
Whiplash,"<selenium.webdriver.remote.webelement.WebElement (session=""16774413e9468f4230035ae3a6f9a0ca"", element=""34f35eb4-c0d2-427b-a30d-d1272a3a1962"")>",https://www.imdb.com/title/tt2582802/?pf_rd_m=A2FGELUUNOQJNL&pf_rd_p=e31d89dd-322d-4646-8962-327b42fe94b1&pf_rd_r=GZZG4ZM4S801RMER6B2D&pf_rd_s=center-1&pf_rd_t=15506&pf_rd_i=top&ref_=chttp_tt_44
Once Upon a Time in the West,"<selenium.webdriver.remote.webelement.WebElement (session=""16774413e9468f4230035ae3a6f9a0ca"", element=""73291cc4-f04f-45d5-b38f-b97cc8678882"")>",https://www.imdb.com/title/tt0064116/?pf_rd_m=A2FGELUUNOQJNL&pf_rd_p=e31d89dd-322d-4646-8962-327b42fe94b1&pf_rd_r=C8VCPQR413PJ23HENBGE&pf_rd_s=center-1&pf_rd_t=15506&pf_rd_i=top&ref_=chttp_tt_45
The Prestige,"<selenium.webdriver.remote.webelement.WebElement (session=""16774413e9468f4230035ae3a6f9a0ca"", element=""21d13ac9-af67-49aa-b7ac-da175182b9fa"")>",https://www.imdb.com/title/tt0482571/?pf_rd_m=A2FGELUUNOQJNL&pf_rd_p=e31d89dd-322d-4646-8962-327b42fe94b1&pf_rd_r=4MFQBJAZFXXFVRFJJCRJ&pf_rd_s=center-1&pf_rd_t=15506&pf_rd_i=top&ref_=chttp_tt_46
Casablanca,"<selenium.webdriver.remote.webelement.WebElement (session=""16774413e9468f4230035ae3a6f9a0ca"", element=""af333400-a9e6-4f4c-9125-180e196f8fa0"")>",https://www.imdb.com/title/tt0034583/?pf_rd_m=A2FGELUUNOQJNL&pf_rd_p=e31d89dd-322d-4646-8962-327b42fe94b1&pf_rd_r=A8WCACZ11112SPAQWPCV&pf_rd_s=center-1&pf_rd_t=15506&pf_rd_i=top&ref_=chttp_tt_47
Grave of the Fireflies,"<selenium.webdriver.remote.webelement.WebElement (session=""16774413e9468f4230035ae3a6f9a0ca"", element=""e323fe0c-2192-49ff-8675-104007b9ec59"")>",https://www.imdb.com/title/tt0095327/?pf_rd_m=A2FGELUUNOQJNL&pf_rd_p=e31d89dd-322d-4646-8962-327b42fe94b1&pf_rd_r=709VS0DKFDJZVD72F0GS&pf_rd_s=center-1&pf_rd_t=15506&pf_rd_i=top&ref_=chttp_tt_48
Rear Window,"<selenium.webdriver.remote.webelement.WebElement (session=""16774413e9468f4230035ae3a6f9a0ca"", element=""15720696-8517-4796-bd95-a67779deaf9f"")>",https://www.imdb.com/title/tt0047396/?pf_rd_m=A2FGELUUNOQJNL&pf_rd_p=e31d89dd-322d-4646-8962-327b42fe94b1&pf_rd_r=MXGK0XCT5M7FS8WPF6ST&pf_rd_s=center-1&pf_rd_t=15506&pf_rd_i=top&ref_=chttp_tt_49
Cinema Paradiso,"<selenium.webdriver.remote.webelement.WebElement (session=""16774413e9468f4230035ae3a6f9a0ca"", element=""a21a0d15-f77a-464f-ab96-d139dc59e102"")>",https://www.imdb.com/title/tt0095765/?pf_rd_m=A2FGELUUNOQJNL&pf_rd_p=e31d89dd-322d-4646-8962-327b42fe94b1&pf_rd_r=G9W747N4KR1C3RS14P0H&pf_rd_s=center-1&pf_rd_t=15506&pf_rd_i=top&ref_=chttp_tt_50
Raiders of the Lost Ark,"<selenium.webdriver.remote.webelement.WebElement (session=""16774413e9468f4230035ae3a6f9a0ca"", element=""2fb51b75-2222-4915-8251-9102f8047cfa"")>",https://www.imdb.com/title/tt0082971/?pf_rd_m=A2FGELUUNOQJNL&pf_rd_p=e31d89dd-322d-4646-8962-327b42fe94b1&pf_rd_r=RMP4HH3P66GY133N9JF6&pf_rd_s=center-1&pf_rd_t=15506&pf_rd_i=top&ref_=chttp_tt_51
Alien,"<selenium.webdriver.remote.webelement.WebElement (session=""16774413e9468f4230035ae3a6f9a0ca"", element=""df24c6f6-a149-4e48-8766-d20f6e4ce8b3"")>",https://www.imdb.com/title/tt0078748/?pf_rd_m=A2FGELUUNOQJNL&pf_rd_p=e31d89dd-322d-4646-8962-327b42fe94b1&pf_rd_r=0SSVR8NP6YSQ3E2YDC2W&pf_rd_s=center-1&pf_rd_t=15506&pf_rd_i=top&ref_=chttp_tt_52
Memento,"<selenium.webdriver.remote.webelement.WebElement (session=""16774413e9468f4230035ae3a6f9a0ca"", element=""a0209821-deb1-435b-92e8-d5cd5997eecc"")>",https://www.imdb.com/title/tt0209144/?pf_rd_m=A2FGELUUNOQJNL&pf_rd_p=e31d89dd-322d-4646-8962-327b42fe94b1&pf_rd_r=J871GDGET0NVMR8WAC0Y&pf_rd_s=center-1&pf_rd_t=15506&pf_rd_i=top&ref_=chttp_tt_53
Apocalypse Now,"<selenium.webdriver.remote.webelement.WebElement (session=""16774413e9468f4230035ae3a6f9a0ca"", element=""ee1e79a5-1dac-418e-ba39-2aed12ce5cc1"")>",https://www.imdb.com/title/tt0078788/?pf_rd_m=A2FGELUUNOQJNL&pf_rd_p=e31d89dd-322d-4646-8962-327b42fe94b1&pf_rd_r=FMGA5EC87ANSCJSADV3J&pf_rd_s=center-1&pf_rd_t=15506&pf_rd_i=top&ref_=chttp_tt_54
The Great Dictator,"<selenium.webdriver.remote.webelement.WebElement (session=""16774413e9468f4230035ae3a6f9a0ca"", element=""1af61813-3ffb-483f-a801-717ef714c863"")>",https://www.imdb.com/title/tt0032553/?pf_rd_m=A2FGELUUNOQJNL&pf_rd_p=e31d89dd-322d-4646-8962-327b42fe94b1&pf_rd_r=2Z1XT24E1EMP9EV2ANZB&pf_rd_s=center-1&pf_rd_t=15506&pf_rd_i=top&ref_=chttp_tt_55
The Lives of Others,"<selenium.webdriver.remote.webelement.WebElement (session=""16774413e9468f4230035ae3a6f9a0ca"", element=""f231095a-c880-405c-bf80-5bc4867e2451"")>",https://www.imdb.com/title/tt0405094/?pf_rd_m=A2FGELUUNOQJNL&pf_rd_p=e31d89dd-322d-4646-8962-327b42fe94b1&pf_rd_r=30ZEMFQFPDGGVV9BQ1DH&pf_rd_s=center-1&pf_rd_t=15506&pf_rd_i=top&ref_=chttp_tt_56
Avengers: Infinity War,"<selenium.webdriver.remote.webelement.WebElement (session=""16774413e9468f4230035ae3a6f9a0ca"", element=""401fad3d-0c13-4444-bc85-ff1a5958322b"")>",https://www.imdb.com/title/tt4154756/?pf_rd_m=A2FGELUUNOQJNL&pf_rd_p=e31d89dd-322d-4646-8962-327b42fe94b1&pf_rd_r=DTTMPKHFMSFDWVPZWM47&pf_rd_s=center-1&pf_rd_t=15506&pf_rd_i=top&ref_=chttp_tt_57
Spider-Man: Into the Spider-Verse,"<selenium.webdriver.remote.webelement.WebElement (session=""16774413e9468f4230035ae3a6f9a0ca"", element=""c05f4adb-63e1-4ce3-af78-91cc6c2d1514"")>",https://www.imdb.com/title/tt4633694/?pf_rd_m=A2FGELUUNOQJNL&pf_rd_p=e31d89dd-322d-4646-8962-327b42fe94b1&pf_rd_r=JFNYZB403VSTBTA03QV9&pf_rd_s=center-1&pf_rd_t=15506&pf_rd_i=top&ref_=chttp_tt_58
Django Unchained,"<selenium.webdriver.remote.webelement.WebElement (session=""16774413e9468f4230035ae3a6f9a0ca"", element=""eab4c8e2-6b9b-4e4c-8992-8f26ce77decb"")>",https://www.imdb.com/title/tt1853728/?pf_rd_m=A2FGELUUNOQJNL&pf_rd_p=e31d89dd-322d-4646-8962-327b42fe94b1&pf_rd_r=CR9AS0QDT0KH2J4XFXET&pf_rd_s=center-1&pf_rd_t=15506&pf_rd_i=top&ref_=chttp_tt_59
The Shining,"<selenium.webdriver.remote.webelement.WebElement (session=""16774413e9468f4230035ae3a6f9a0ca"", element=""9d4fe1f0-7107-4d34-92ed-6d39e5b8ebe2"")>",https://www.imdb.com/title/tt0081505/?pf_rd_m=A2FGELUUNOQJNL&pf_rd_p=e31d89dd-322d-4646-8962-327b42fe94b1&pf_rd_r=G1YSVVH0PF6KS0A7VWZR&pf_rd_s=center-1&pf_rd_t=15506&pf_rd_i=top&ref_=chttp_tt_60
Paths of Glory,"<selenium.webdriver.remote.webelement.WebElement (session=""16774413e9468f4230035ae3a6f9a0ca"", element=""88c53021-e4d4-4f11-a6b7-0009c046a2e9"")>",https://www.imdb.com/title/tt0050825/?pf_rd_m=A2FGELUUNOQJNL&pf_rd_p=e31d89dd-322d-4646-8962-327b42fe94b1&pf_rd_r=DA7Y8Z3C3N7F2EKZT96G&pf_rd_s=center-1&pf_rd_t=15506&pf_rd_i=top&ref_=chttp_tt_61
WALL·E,"<selenium.webdriver.remote.webelement.WebElement (session=""16774413e9468f4230035ae3a6f9a0ca"", element=""9a3cd93c-a6b3-4db5-89f9-3a801bb99774"")>",https://www.imdb.com/title/tt0910970/?pf_rd_m=A2FGELUUNOQJNL&pf_rd_p=e31d89dd-322d-4646-8962-327b42fe94b1&pf_rd_r=AX5ZKW75CY8SP0TP3YGR&pf_rd_s=center-1&pf_rd_t=15506&pf_rd_i=top&ref_=chttp_tt_62
Sunset Blvd.,"<selenium.webdriver.remote.webelement.WebElement (session=""16774413e9468f4230035ae3a6f9a0ca"", element=""63088e1e-453d-4f1e-b9a6-35ceea6b3513"")>",https://www.imdb.com/title/tt0043014/?pf_rd_m=A2FGELUUNOQJNL&pf_rd_p=e31d89dd-322d-4646-8962-327b42fe94b1&pf_rd_r=A2E0NTH8QQR55ZZ7BTTW&pf_rd_s=center-1&pf_rd_t=15506&pf_rd_i=top&ref_=chttp_tt_63
Dr. Strangelove or: How I Learned to Stop Worrying and Love the Bomb,"<selenium.webdriver.remote.webelement.WebElement (session=""16774413e9468f4230035ae3a6f9a0ca"", element=""0529bbc2-44a3-4eb2-a2c5-76d8d1e7385e"")>",https://www.imdb.com/title/tt0057012/?pf_rd_m=A2FGELUUNOQJNL&pf_rd_p=e31d89dd-322d-4646-8962-327b42fe94b1&pf_rd_r=BF4816G69GCYT0BNN5WZ&pf_rd_s=center-1&pf_rd_t=15506&pf_rd_i=top&ref_=chttp_tt_64
Princess Mononoke,"<selenium.webdriver.remote.webelement.WebElement (session=""16774413e9468f4230035ae3a6f9a0ca"", element=""4a2683df-a166-48cf-910b-784852039e40"")>",https://www.imdb.com/title/tt0119698/?pf_rd_m=A2FGELUUNOQJNL&pf_rd_p=e31d89dd-322d-4646-8962-327b42fe94b1&pf_rd_r=815BZ0S1284CQ5BF6N2P&pf_rd_s=center-1&pf_rd_t=15506&pf_rd_i=top&ref_=chttp_tt_65
Oldboy,"<selenium.webdriver.remote.webelement.WebElement (session=""16774413e9468f4230035ae3a6f9a0ca"", element=""219ccc74-4f82-402b-8604-97946cb2d89c"")>",https://www.imdb.com/title/tt0364569/?pf_rd_m=A2FGELUUNOQJNL&pf_rd_p=e31d89dd-322d-4646-8962-327b42fe94b1&pf_rd_r=7XDABRPNWKYZDPPEERB9&pf_rd_s=center-1&pf_rd_t=15506&pf_rd_i=top&ref_=chttp_tt_66
Witness for the Prosecution,"<selenium.webdriver.remote.webelement.WebElement (session=""16774413e9468f4230035ae3a6f9a0ca"", element=""60e2f017-2c94-407c-b28b-9db2fbb1c260"")>",https://www.imdb.com/title/tt0051201/?pf_rd_m=A2FGELUUNOQJNL&pf_rd_p=e31d89dd-322d-4646-8962-327b42fe94b1&pf_rd_r=D5FK3SGKE8KKBXRXPXQA&pf_rd_s=center-1&pf_rd_t=15506&pf_rd_i=top&ref_=chttp_tt_67
The Dark Knight Rises,"<selenium.webdriver.remote.webelement.WebElement (session=""16774413e9468f4230035ae3a6f9a0ca"", element=""4428415b-7684-4c4c-bcc7-83da1e804187"")>",https://www.imdb.com/title/tt1345836/?pf_rd_m=A2FGELUUNOQJNL&pf_rd_p=e31d89dd-322d-4646-8962-327b42fe94b1&pf_rd_r=EZAARFQ1CKWGD3JFPDV7&pf_rd_s=center-1&pf_rd_t=15506&pf_rd_i=top&ref_=chttp_tt_68
Once Upon a Time in America,"<selenium.webdriver.remote.webelement.WebElement (session=""16774413e9468f4230035ae3a6f9a0ca"", element=""9a009dd3-36e3-4100-97eb-bc7e2823dffc"")>",https://www.imdb.com/title/tt0087843/?pf_rd_m=A2FGELUUNOQJNL&pf_rd_p=e31d89dd-322d-4646-8962-327b42fe94b1&pf_rd_r=Q5MB4XHH9404R8VRY016&pf_rd_s=center-1&pf_rd_t=15506&pf_rd_i=top&ref_=chttp_tt_69
Aliens,"<selenium.webdriver.remote.webelement.WebElement (session=""16774413e9468f4230035ae3a6f9a0ca"", element=""6ab66b22-d7e5-4e16-8fc1-13a613e5a428"")>",https://www.imdb.com/title/tt0090605/?pf_rd_m=A2FGELUUNOQJNL&pf_rd_p=e31d89dd-322d-4646-8962-327b42fe94b1&pf_rd_r=3RHV0VJ34X65DFW2B1HQ&pf_rd_s=center-1&pf_rd_t=15506&pf_rd_i=top&ref_=chttp_tt_70
Coco,"<selenium.webdriver.remote.webelement.WebElement (session=""16774413e9468f4230035ae3a6f9a0ca"", element=""3075c452-9d6d-4ef3-9872-49ca5d708aa3"")>",https://www.imdb.com/title/tt2380307/?pf_rd_m=A2FGELUUNOQJNL&pf_rd_p=e31d89dd-322d-4646-8962-327b42fe94b1&pf_rd_r=H3KNCHYCJWC4JYSTCA12&pf_rd_s=center-1&pf_rd_t=15506&pf_rd_i=top&ref_=chttp_tt_71
American Beauty,"<selenium.webdriver.remote.webelement.WebElement (session=""16774413e9468f4230035ae3a6f9a0ca"", element=""91b1a5a9-cad8-4898-b13f-a894098d7f72"")>",https://www.imdb.com/title/tt0169547/?pf_rd_m=A2FGELUUNOQJNL&pf_rd_p=e31d89dd-322d-4646-8962-327b42fe94b1&pf_rd_r=KCSJANM4QYQKW00PK487&pf_rd_s=center-1&pf_rd_t=15506&pf_rd_i=top&ref_=chttp_tt_72
Your Name.,"<selenium.webdriver.remote.webelement.WebElement (session=""16774413e9468f4230035ae3a6f9a0ca"", element=""8aeaeafe-ff91-4c8b-b08c-cfd907540de4"")>",https://www.imdb.com/title/tt5311514/?pf_rd_m=A2FGELUUNOQJNL&pf_rd_p=e31d89dd-322d-4646-8962-327b42fe94b1&pf_rd_r=P8N3JK0RXENQ5DA1DV3A&pf_rd_s=center-1&pf_rd_t=15506&pf_rd_i=top&ref_=chttp_tt_73
Braveheart,"<selenium.webdriver.remote.webelement.WebElement (session=""16774413e9468f4230035ae3a6f9a0ca"", element=""442f445b-92c6-4daa-94d3-900c4245349d"")>",https://www.imdb.com/title/tt0112573/?pf_rd_m=A2FGELUUNOQJNL&pf_rd_p=e31d89dd-322d-4646-8962-327b42fe94b1&pf_rd_r=SN9HGTXAXHFQS9BY6F6V&pf_rd_s=center-1&pf_rd_t=15506&pf_rd_i=top&ref_=chttp_tt_74
Das Boot,"<selenium.webdriver.remote.webelement.WebElement (session=""16774413e9468f4230035ae3a6f9a0ca"", element=""0ef6a8b5-61df-4b39-9745-cbe7b54e24c8"")>",https://www.imdb.com/title/tt0082096/?pf_rd_m=A2FGELUUNOQJNL&pf_rd_p=e31d89dd-322d-4646-8962-327b42fe94b1&pf_rd_r=SVY386EYJ7VZ89FJ9RCY&pf_rd_s=center-1&pf_rd_t=15506&pf_rd_i=top&ref_=chttp_tt_75
3 Idiots,"<selenium.webdriver.remote.webelement.WebElement (session=""16774413e9468f4230035ae3a6f9a0ca"", element=""85f743a4-a562-47af-9e8d-fb6d5bc8d7e6"")>",https://www.imdb.com/title/tt1187043/?pf_rd_m=A2FGELUUNOQJNL&pf_rd_p=e31d89dd-322d-4646-8962-327b42fe94b1&pf_rd_r=DKJGF2VA3MEJ1HKG8N0H&pf_rd_s=center-1&pf_rd_t=15506&pf_rd_i=top&ref_=chttp_tt_76
Star Wars: Episode VI - Return of the Jedi,"<selenium.webdriver.remote.webelement.WebElement (session=""16774413e9468f4230035ae3a6f9a0ca"", element=""50783b83-bd4d-4683-8b87-394f0581a979"")>",https://www.imdb.com/title/tt0086190/?pf_rd_m=A2FGELUUNOQJNL&pf_rd_p=e31d89dd-322d-4646-8962-327b42fe94b1&pf_rd_r=7V7GCSRDMB9QMZV924JT&pf_rd_s=center-1&pf_rd_t=15506&pf_rd_i=top&ref_=chttp_tt_77
Like Stars on Earth,"<selenium.webdriver.remote.webelement.WebElement (session=""16774413e9468f4230035ae3a6f9a0ca"", element=""91b0f3eb-3399-41fb-b371-b4c99a76412c"")>",https://www.imdb.com/title/tt0986264/?pf_rd_m=A2FGELUUNOQJNL&pf_rd_p=e31d89dd-322d-4646-8962-327b42fe94b1&pf_rd_r=9GBF3GWRSMV7JER0WY22&pf_rd_s=center-1&pf_rd_t=15506&pf_rd_i=top&ref_=chttp_tt_78
Reservoir Dogs,"<selenium.webdriver.remote.webelement.WebElement (session=""16774413e9468f4230035ae3a6f9a0ca"", element=""9a3b7623-f689-4307-8e07-ac431d3a3cff"")>",https://www.imdb.com/title/tt0105236/?pf_rd_m=A2FGELUUNOQJNL&pf_rd_p=e31d89dd-322d-4646-8962-327b42fe94b1&pf_rd_r=3MTHWYQBQ49CETHP4SWC&pf_rd_s=center-1&pf_rd_t=15506&pf_rd_i=top&ref_=chttp_tt_79
Toy Story,"<selenium.webdriver.remote.webelement.WebElement (session=""16774413e9468f4230035ae3a6f9a0ca"", element=""fabb53e6-a0ed-4b8e-bd22-766ded7e2bae"")>",https://www.imdb.com/title/tt0114709/?pf_rd_m=A2FGELUUNOQJNL&pf_rd_p=e31d89dd-322d-4646-8962-327b42fe94b1&pf_rd_r=HBK9R0TME3JZ84EE6WVS&pf_rd_s=center-1&pf_rd_t=15506&pf_rd_i=top&ref_=chttp_tt_80
Amadeus,"<selenium.webdriver.remote.webelement.WebElement (session=""16774413e9468f4230035ae3a6f9a0ca"", element=""8c0de9b5-9707-43c8-bd1b-da38367fee01"")>",https://www.imdb.com/title/tt0086879/?pf_rd_m=A2FGELUUNOQJNL&pf_rd_p=e31d89dd-322d-4646-8962-327b42fe94b1&pf_rd_r=20HNN0EMB0RCBR1BM9RD&pf_rd_s=center-1&pf_rd_t=15506&pf_rd_i=top&ref_=chttp_tt_81
Dangal,"<selenium.webdriver.remote.webelement.WebElement (session=""16774413e9468f4230035ae3a6f9a0ca"", element=""e7a3ddd2-10a3-4dbf-a44b-191e4f679220"")>",https://www.imdb.com/title/tt5074352/?pf_rd_m=A2FGELUUNOQJNL&pf_rd_p=e31d89dd-322d-4646-8962-327b42fe94b1&pf_rd_r=J4NX2NAJ42978B842407&pf_rd_s=center-1&pf_rd_t=15506&pf_rd_i=top&ref_=chttp_tt_82
M,"<selenium.webdriver.remote.webelement.WebElement (session=""16774413e9468f4230035ae3a6f9a0ca"", element=""6551b2e9-6305-4404-8428-f7c4d9b1c525"")>",https://www.imdb.com/title/tt0022100/?pf_rd_m=A2FGELUUNOQJNL&pf_rd_p=e31d89dd-322d-4646-8962-327b42fe94b1&pf_rd_r=FRS11HM2QJVH1E2TXJQ5&pf_rd_s=center-1&pf_rd_t=15506&pf_rd_i=top&ref_=chttp_tt_83
Requiem for a Dream,"<selenium.webdriver.remote.webelement.WebElement (session=""16774413e9468f4230035ae3a6f9a0ca"", element=""1f4152b4-176f-4b5e-afaa-3f8717a9d525"")>",https://www.imdb.com/title/tt0180093/?pf_rd_m=A2FGELUUNOQJNL&pf_rd_p=e31d89dd-322d-4646-8962-327b42fe94b1&pf_rd_r=VCQJPTPED30GCHDA93MB&pf_rd_s=center-1&pf_rd_t=15506&pf_rd_i=top&ref_=chttp_tt_84
Good Will Hunting,"<selenium.webdriver.remote.webelement.WebElement (session=""16774413e9468f4230035ae3a6f9a0ca"", element=""04325edc-c9c8-4c41-87db-f5fb144ea852"")>",https://www.imdb.com/title/tt0119217/?pf_rd_m=A2FGELUUNOQJNL&pf_rd_p=e31d89dd-322d-4646-8962-327b42fe94b1&pf_rd_r=128P66ZCXAY3Y5V297ZW&pf_rd_s=center-1&pf_rd_t=15506&pf_rd_i=top&ref_=chttp_tt_85
Vertigo,"<selenium.webdriver.remote.webelement.WebElement (session=""16774413e9468f4230035ae3a6f9a0ca"", element=""09ab2355-1f27-4368-a7c0-4c8d63827385"")>",https://www.imdb.com/title/tt0052357/?pf_rd_m=A2FGELUUNOQJNL&pf_rd_p=e31d89dd-322d-4646-8962-327b42fe94b1&pf_rd_r=HE3QTJ1KEPCCJDZP3JF9&pf_rd_s=center-1&pf_rd_t=15506&pf_rd_i=top&ref_=chttp_tt_86
2001: A Space Odyssey,"<selenium.webdriver.remote.webelement.WebElement (session=""16774413e9468f4230035ae3a6f9a0ca"", element=""9ffa66e8-2ec0-48ea-b57a-da1a4d99087f"")>",https://www.imdb.com/title/tt0062622/?pf_rd_m=A2FGELUUNOQJNL&pf_rd_p=e31d89dd-322d-4646-8962-327b42fe94b1&pf_rd_r=PFZKXTBEPQHTAQH5XBWC&pf_rd_s=center-1&pf_rd_t=15506&pf_rd_i=top&ref_=chttp_tt_87
Inglourious Basterds,"<selenium.webdriver.remote.webelement.WebElement (session=""16774413e9468f4230035ae3a6f9a0ca"", element=""bd90add6-cfdb-40c2-8618-f76060bee2d1"")>",https://www.imdb.com/title/tt0361748/?pf_rd_m=A2FGELUUNOQJNL&pf_rd_p=e31d89dd-322d-4646-8962-327b42fe94b1&pf_rd_r=GJTY730PSB33T14DB63V&pf_rd_s=center-1&pf_rd_t=15506&pf_rd_i=top&ref_=chttp_tt_88
Eternal Sunshine of the Spotless Mind,"<selenium.webdriver.remote.webelement.WebElement (session=""16774413e9468f4230035ae3a6f9a0ca"", element=""1adbb3ee-172b-4bcc-905d-5ae4a90a9417"")>",https://www.imdb.com/title/tt0338013/?pf_rd_m=A2FGELUUNOQJNL&pf_rd_p=e31d89dd-322d-4646-8962-327b42fe94b1&pf_rd_r=4TYHP9R0M6B3RRTRKVJS&pf_rd_s=center-1&pf_rd_t=15506&pf_rd_i=top&ref_=chttp_tt_89
Citizen Kane,"<selenium.webdriver.remote.webelement.WebElement (session=""16774413e9468f4230035ae3a6f9a0ca"", element=""800ea8eb-b052-4b99-8dd6-8a3166c0191d"")>",https://www.imdb.com/title/tt0033467/?pf_rd_m=A2FGELUUNOQJNL&pf_rd_p=e31d89dd-322d-4646-8962-327b42fe94b1&pf_rd_r=R0YCHG8Z09W042E149TR&pf_rd_s=center-1&pf_rd_t=15506&pf_rd_i=top&ref_=chttp_tt_90
Full Metal Jacket,"<selenium.webdriver.remote.webelement.WebElement (session=""16774413e9468f4230035ae3a6f9a0ca"", element=""31073a31-ed78-471e-9724-298c3e4cff02"")>",https://www.imdb.com/title/tt0093058/?pf_rd_m=A2FGELUUNOQJNL&pf_rd_p=e31d89dd-322d-4646-8962-327b42fe94b1&pf_rd_r=2BGRYZA8Z6CJ5DJRD6YX&pf_rd_s=center-1&pf_rd_t=15506&pf_rd_i=top&ref_=chttp_tt_91
The Hunt,"<selenium.webdriver.remote.webelement.WebElement (session=""16774413e9468f4230035ae3a6f9a0ca"", element=""8cad4b55-de3e-4540-b643-8d7e2dc90372"")>",https://www.imdb.com/title/tt2106476/?pf_rd_m=A2FGELUUNOQJNL&pf_rd_p=e31d89dd-322d-4646-8962-327b42fe94b1&pf_rd_r=BAN457JD4KQZ8W26EK7S&pf_rd_s=center-1&pf_rd_t=15506&pf_rd_i=top&ref_=chttp_tt_92
North by Northwest,"<selenium.webdriver.remote.webelement.WebElement (session=""16774413e9468f4230035ae3a6f9a0ca"", element=""1947c676-e7b3-49fd-86d4-94dcbfa5e726"")>",https://www.imdb.com/title/tt0053125/?pf_rd_m=A2FGELUUNOQJNL&pf_rd_p=e31d89dd-322d-4646-8962-327b42fe94b1&pf_rd_r=X0J07CRYFH8W1CVSPES3&pf_rd_s=center-1&pf_rd_t=15506&pf_rd_i=top&ref_=chttp_tt_93
A Clockwork Orange,"<selenium.webdriver.remote.webelement.WebElement (session=""16774413e9468f4230035ae3a6f9a0ca"", element=""73199e88-14f5-4913-8829-4ca012258f2d"")>",https://www.imdb.com/title/tt0066921/?pf_rd_m=A2FGELUUNOQJNL&pf_rd_p=e31d89dd-322d-4646-8962-327b42fe94b1&pf_rd_r=TQXJ7KXCBMBCR8KF00RM&pf_rd_s=center-1&pf_rd_t=15506&pf_rd_i=top&ref_=chttp_tt_94
Snatch,"<selenium.webdriver.remote.webelement.WebElement (session=""16774413e9468f4230035ae3a6f9a0ca"", element=""9108de72-e69b-4853-bca8-735fc91fd4d0"")>",https://www.imdb.com/title/tt0208092/?pf_rd_m=A2FGELUUNOQJNL&pf_rd_p=e31d89dd-322d-4646-8962-327b42fe94b1&pf_rd_r=4CD49T4TKXRZ4888P75G&pf_rd_s=center-1&pf_rd_t=15506&pf_rd_i=top&ref_=chttp_tt_95
Amélie,"<selenium.webdriver.remote.webelement.WebElement (session=""16774413e9468f4230035ae3a6f9a0ca"", element=""23a330c7-0d15-4a86-855c-75930ab25ced"")>",https://www.imdb.com/title/tt0211915/?pf_rd_m=A2FGELUUNOQJNL&pf_rd_p=e31d89dd-322d-4646-8962-327b42fe94b1&pf_rd_r=Q2XC00NS4G46E3KM272N&pf_rd_s=center-1&pf_rd_t=15506&pf_rd_i=top&ref_=chttp_tt_96
The Kid,"<selenium.webdriver.remote.webelement.WebElement (session=""16774413e9468f4230035ae3a6f9a0ca"", element=""0f979221-3a11-430c-81a3-bece6b8ea639"")>",https://www.imdb.com/title/tt0012349/?pf_rd_m=A2FGELUUNOQJNL&pf_rd_p=e31d89dd-322d-4646-8962-327b42fe94b1&pf_rd_r=07NBXTDFXKW328VCJ6QJ&pf_rd_s=center-1&pf_rd_t=15506&pf_rd_i=top&ref_=chttp_tt_97
Bicycle Thieves,"<selenium.webdriver.remote.webelement.WebElement (session=""16774413e9468f4230035ae3a6f9a0ca"", element=""a1992fce-56ad-4e35-90c0-f0b25ca0e369"")>",https://www.imdb.com/title/tt0040522/?pf_rd_m=A2FGELUUNOQJNL&pf_rd_p=e31d89dd-322d-4646-8962-327b42fe94b1&pf_rd_r=JA40M3BBYZEH2HRSDV5R&pf_rd_s=center-1&pf_rd_t=15506&pf_rd_i=top&ref_=chttp_tt_98
Scarface,"<selenium.webdriver.remote.webelement.WebElement (session=""16774413e9468f4230035ae3a6f9a0ca"", element=""1580d1b6-8fcd-4b28-85d6-083509348863"")>",https://www.imdb.com/title/tt0086250/?pf_rd_m=A2FGELUUNOQJNL&pf_rd_p=e31d89dd-322d-4646-8962-327b42fe94b1&pf_rd_r=WG3K0JMQRP2Q3VAPX572&pf_rd_s=center-1&pf_rd_t=15506&pf_rd_i=top&ref_=chttp_tt_99
Singin' in the Rain,"<selenium.webdriver.remote.webelement.WebElement (session=""16774413e9468f4230035ae3a6f9a0ca"", element=""fcdd5ac1-159e-4c73-8a4f-58655989d557"")>",https://www.imdb.com/title/tt0045152/?pf_rd_m=A2FGELUUNOQJNL&pf_rd_p=e31d89dd-322d-4646-8962-327b42fe94b1&pf_rd_r=980Z11RWVCSY0X9PDA4E&pf_rd_s=center-1&pf_rd_t=15506&pf_rd_i=top&ref_=chttp_tt_100
Lawrence of Arabia,"<selenium.webdriver.remote.webelement.WebElement (session=""16774413e9468f4230035ae3a6f9a0ca"", element=""37486030-42b6-4f10-be05-2258566834d7"")>",https://www.imdb.com/title/tt0056172/?pf_rd_m=A2FGELUUNOQJNL&pf_rd_p=e31d89dd-322d-4646-8962-327b42fe94b1&pf_rd_r=WG8AYQWR1V0VB84YF0W2&pf_rd_s=center-1&pf_rd_t=15506&pf_rd_i=top&ref_=chttp_tt_101
Toy Story 3,"<selenium.webdriver.remote.webelement.WebElement (session=""16774413e9468f4230035ae3a6f9a0ca"", element=""22a297b1-07c4-4b72-9cd7-44f90dbf9834"")>",https://www.imdb.com/title/tt0435761/?pf_rd_m=A2FGELUUNOQJNL&pf_rd_p=e31d89dd-322d-4646-8962-327b42fe94b1&pf_rd_r=SY9VEKVZA5V2X2TB0HK1&pf_rd_s=center-1&pf_rd_t=15506&pf_rd_i=top&ref_=chttp_tt_102
The Sting,"<selenium.webdriver.remote.webelement.WebElement (session=""16774413e9468f4230035ae3a6f9a0ca"", element=""822e7cda-5668-4e6f-bcbc-f7d45b8a7e76"")>",https://www.imdb.com/title/tt0070735/?pf_rd_m=A2FGELUUNOQJNL&pf_rd_p=e31d89dd-322d-4646-8962-327b42fe94b1&pf_rd_r=8YWHFTNFPJ55XTZBZH45&pf_rd_s=center-1&pf_rd_t=15506&pf_rd_i=top&ref_=chttp_tt_103
Taxi Driver,"<selenium.webdriver.remote.webelement.WebElement (session=""16774413e9468f4230035ae3a6f9a0ca"", element=""94ad5555-4c90-447e-bb15-e4f0712f8244"")>",https://www.imdb.com/title/tt0075314/?pf_rd_m=A2FGELUUNOQJNL&pf_rd_p=e31d89dd-322d-4646-8962-327b42fe94b1&pf_rd_r=XPR0JWP8TPBS1YSAM6AX&pf_rd_s=center-1&pf_rd_t=15506&pf_rd_i=top&ref_=chttp_tt_104
For a Few Dollars More,"<selenium.webdriver.remote.webelement.WebElement (session=""16774413e9468f4230035ae3a6f9a0ca"", element=""25541963-e18c-4f06-b137-f6721b26dcae"")>",https://www.imdb.com/title/tt0059578/?pf_rd_m=A2FGELUUNOQJNL&pf_rd_p=e31d89dd-322d-4646-8962-327b42fe94b1&pf_rd_r=XMFHD1DCJ8PECMN0D43S&pf_rd_s=center-1&pf_rd_t=15506&pf_rd_i=top&ref_=chttp_tt_105
Metropolis,"<selenium.webdriver.remote.webelement.WebElement (session=""16774413e9468f4230035ae3a6f9a0ca"", element=""f8241f2d-09d6-4fe3-86cc-9a63a1069715"")>",https://www.imdb.com/title/tt0017136/?pf_rd_m=A2FGELUUNOQJNL&pf_rd_p=e31d89dd-322d-4646-8962-327b42fe94b1&pf_rd_r=VENAQWSPJ6HQ947G7HGE&pf_rd_s=center-1&pf_rd_t=15506&pf_rd_i=top&ref_=chttp_tt_106
Double Indemnity,"<selenium.webdriver.remote.webelement.WebElement (session=""16774413e9468f4230035ae3a6f9a0ca"", element=""2fa59e79-57bf-451d-a54d-548fec7e4648"")>",https://www.imdb.com/title/tt0036775/?pf_rd_m=A2FGELUUNOQJNL&pf_rd_p=e31d89dd-322d-4646-8962-327b42fe94b1&pf_rd_r=YD44MRARAR17PVG5R6NB&pf_rd_s=center-1&pf_rd_t=15506&pf_rd_i=top&ref_=chttp_tt_107
A Separation,"<selenium.webdriver.remote.webelement.WebElement (session=""16774413e9468f4230035ae3a6f9a0ca"", element=""c93cf540-fcba-4f13-99b6-d6600111421a"")>",https://www.imdb.com/title/tt1832382/?pf_rd_m=A2FGELUUNOQJNL&pf_rd_p=e31d89dd-322d-4646-8962-327b42fe94b1&pf_rd_r=3JC26YV2SBGRA5X84BFB&pf_rd_s=center-1&pf_rd_t=15506&pf_rd_i=top&ref_=chttp_tt_108
To Kill a Mockingbird,"<selenium.webdriver.remote.webelement.WebElement (session=""16774413e9468f4230035ae3a6f9a0ca"", element=""491eb5be-c766-4325-ad7f-f6caf6b1d050"")>",https://www.imdb.com/title/tt0056592/?pf_rd_m=A2FGELUUNOQJNL&pf_rd_p=e31d89dd-322d-4646-8962-327b42fe94b1&pf_rd_r=860FWKCVXG8XD2KX21ZY&pf_rd_s=center-1&pf_rd_t=15506&pf_rd_i=top&ref_=chttp_tt_109
Ikiru,"<selenium.webdriver.remote.webelement.WebElement (session=""16774413e9468f4230035ae3a6f9a0ca"", element=""6c4beb00-31d9-41c0-aac4-d6c243405f9b"")>",https://www.imdb.com/title/tt0044741/?pf_rd_m=A2FGELUUNOQJNL&pf_rd_p=e31d89dd-322d-4646-8962-327b42fe94b1&pf_rd_r=6SDCCM9RKCAY11EY0NYN&pf_rd_s=center-1&pf_rd_t=15506&pf_rd_i=top&ref_=chttp_tt_110
Indiana Jones and the Last Crusade,"<selenium.webdriver.remote.webelement.WebElement (session=""16774413e9468f4230035ae3a6f9a0ca"", element=""ef5f9897-5fe2-4efa-bb47-a91a22732478"")>",https://www.imdb.com/title/tt0097576/?pf_rd_m=A2FGELUUNOQJNL&pf_rd_p=e31d89dd-322d-4646-8962-327b42fe94b1&pf_rd_r=6B5BQ5DV8GAJTVJ4HRKX&pf_rd_s=center-1&pf_rd_t=15506&pf_rd_i=top&ref_=chttp_tt_111
The Apartment,"<selenium.webdriver.remote.webelement.WebElement (session=""16774413e9468f4230035ae3a6f9a0ca"", element=""8ed393e5-8690-418f-8e3d-da8cb16cdfea"")>",https://www.imdb.com/title/tt0053604/?pf_rd_m=A2FGELUUNOQJNL&pf_rd_p=e31d89dd-322d-4646-8962-327b42fe94b1&pf_rd_r=5ZTMK5N4DYF3S85M21AV&pf_rd_s=center-1&pf_rd_t=15506&pf_rd_i=top&ref_=chttp_tt_112
Up,"<selenium.webdriver.remote.webelement.WebElement (session=""16774413e9468f4230035ae3a6f9a0ca"", element=""c1be9d17-3237-417b-92fa-d6069f5f8038"")>",https://www.imdb.com/title/tt1049413/?pf_rd_m=A2FGELUUNOQJNL&pf_rd_p=e31d89dd-322d-4646-8962-327b42fe94b1&pf_rd_r=B4SF1MZ2C7N8NEGH4VXK&pf_rd_s=center-1&pf_rd_t=15506&pf_rd_i=top&ref_=chttp_tt_113
L.A. Confidential,"<selenium.webdriver.remote.webelement.WebElement (session=""16774413e9468f4230035ae3a6f9a0ca"", element=""c3b5434b-ecb9-4d51-8527-8936c10874b8"")>",https://www.imdb.com/title/tt0119488/?pf_rd_m=A2FGELUUNOQJNL&pf_rd_p=e31d89dd-322d-4646-8962-327b42fe94b1&pf_rd_r=F44WXYGNGD1GRFREJAJ0&pf_rd_s=center-1&pf_rd_t=15506&pf_rd_i=top&ref_=chttp_tt_114
Monty Python and the Holy Grail,"<selenium.webdriver.remote.webelement.WebElement (session=""16774413e9468f4230035ae3a6f9a0ca"", element=""d2501101-2b8e-4a36-8f59-2aa9ed364ed3"")>",https://www.imdb.com/title/tt0071853/?pf_rd_m=A2FGELUUNOQJNL&pf_rd_p=e31d89dd-322d-4646-8962-327b42fe94b1&pf_rd_r=KCDDEFH4T6JCTNHV5K7K&pf_rd_s=center-1&pf_rd_t=15506&pf_rd_i=top&ref_=chttp_tt_115
Incendies,"<selenium.webdriver.remote.webelement.WebElement (session=""16774413e9468f4230035ae3a6f9a0ca"", element=""51b7d305-07c8-4b1f-9937-76b1c79634d2"")>",https://www.imdb.com/title/tt1255953/?pf_rd_m=A2FGELUUNOQJNL&pf_rd_p=e31d89dd-322d-4646-8962-327b42fe94b1&pf_rd_r=VW5RK8XQZAGCXAJTVDRC&pf_rd_s=center-1&pf_rd_t=15506&pf_rd_i=top&ref_=chttp_tt_116
Heat,"<selenium.webdriver.remote.webelement.WebElement (session=""16774413e9468f4230035ae3a6f9a0ca"", element=""5872f056-ce79-4919-a260-038b7037109b"")>",https://www.imdb.com/title/tt0113277/?pf_rd_m=A2FGELUUNOQJNL&pf_rd_p=e31d89dd-322d-4646-8962-327b42fe94b1&pf_rd_r=SD2YZ6A38D0K7DMCY9V2&pf_rd_s=center-1&pf_rd_t=15506&pf_rd_i=top&ref_=chttp_tt_117
Rashomon,"<selenium.webdriver.remote.webelement.WebElement (session=""16774413e9468f4230035ae3a6f9a0ca"", element=""ba7391ee-e55a-49b5-aae7-2ee713298488"")>",https://www.imdb.com/title/tt0042876/?pf_rd_m=A2FGELUUNOQJNL&pf_rd_p=e31d89dd-322d-4646-8962-327b42fe94b1&pf_rd_r=8N7YNRMQE8XSTTT8BW6K&pf_rd_s=center-1&pf_rd_t=15506&pf_rd_i=top&ref_=chttp_tt_118
Yojimbo,"<selenium.webdriver.remote.webelement.WebElement (session=""16774413e9468f4230035ae3a6f9a0ca"", element=""34a76c68-1c26-4971-af12-7d05f177ce9d"")>",https://www.imdb.com/title/tt0055630/?pf_rd_m=A2FGELUUNOQJNL&pf_rd_p=e31d89dd-322d-4646-8962-327b42fe94b1&pf_rd_r=T59BWFK3SFT3506FWTE4&pf_rd_s=center-1&pf_rd_t=15506&pf_rd_i=top&ref_=chttp_tt_119
Batman Begins,"<selenium.webdriver.remote.webelement.WebElement (session=""16774413e9468f4230035ae3a6f9a0ca"", element=""b7e0fb8d-2d5f-49fc-8fdc-bc416f708681"")>",https://www.imdb.com/title/tt0372784/?pf_rd_m=A2FGELUUNOQJNL&pf_rd_p=e31d89dd-322d-4646-8962-327b42fe94b1&pf_rd_r=HDRYY2A8KXJ7VNSRHDBC&pf_rd_s=center-1&pf_rd_t=15506&pf_rd_i=top&ref_=chttp_tt_120
Die Hard,"<selenium.webdriver.remote.webelement.WebElement (session=""16774413e9468f4230035ae3a6f9a0ca"", element=""11a1e1d0-e025-436f-bbf4-d15cdd38db8e"")>",https://www.imdb.com/title/tt0095016/?pf_rd_m=A2FGELUUNOQJNL&pf_rd_p=e31d89dd-322d-4646-8962-327b42fe94b1&pf_rd_r=4QHDYXTXG5NV85TCTBBV&pf_rd_s=center-1&pf_rd_t=15506&pf_rd_i=top&ref_=chttp_tt_121
Green Book,"<selenium.webdriver.remote.webelement.WebElement (session=""16774413e9468f4230035ae3a6f9a0ca"", element=""e5049eb5-bad1-49b0-89a2-55b4de555444"")>",https://www.imdb.com/title/tt6966692/?pf_rd_m=A2FGELUUNOQJNL&pf_rd_p=e31d89dd-322d-4646-8962-327b42fe94b1&pf_rd_r=JBY3S7BFFN9QVRB9BWSR&pf_rd_s=center-1&pf_rd_t=15506&pf_rd_i=top&ref_=chttp_tt_122
Unforgiven,"<selenium.webdriver.remote.webelement.WebElement (session=""16774413e9468f4230035ae3a6f9a0ca"", element=""63faad7f-511a-409e-9e10-3b4b72ca4249"")>",https://www.imdb.com/title/tt0105695/?pf_rd_m=A2FGELUUNOQJNL&pf_rd_p=e31d89dd-322d-4646-8962-327b42fe94b1&pf_rd_r=YEGZPZXWPYXG5ZFMKR0J&pf_rd_s=center-1&pf_rd_t=15506&pf_rd_i=top&ref_=chttp_tt_123
Downfall,"<selenium.webdriver.remote.webelement.WebElement (session=""16774413e9468f4230035ae3a6f9a0ca"", element=""45977210-49b4-4937-9124-9977d657ef82"")>",https://www.imdb.com/title/tt0363163/?pf_rd_m=A2FGELUUNOQJNL&pf_rd_p=e31d89dd-322d-4646-8962-327b42fe94b1&pf_rd_r=NH6K9HDJV9HPJBYB5VY1&pf_rd_s=center-1&pf_rd_t=15506&pf_rd_i=top&ref_=chttp_tt_124
Children of Heaven,"<selenium.webdriver.remote.webelement.WebElement (session=""16774413e9468f4230035ae3a6f9a0ca"", element=""97f57035-9abc-4281-af9f-927f29da1af1"")>",https://www.imdb.com/title/tt0118849/?pf_rd_m=A2FGELUUNOQJNL&pf_rd_p=e31d89dd-322d-4646-8962-327b42fe94b1&pf_rd_r=XEB7DSAGG5E2JCB7KWVN&pf_rd_s=center-1&pf_rd_t=15506&pf_rd_i=top&ref_=chttp_tt_125
Some Like It Hot,"<selenium.webdriver.remote.webelement.WebElement (session=""16774413e9468f4230035ae3a6f9a0ca"", element=""f46631dc-c8f2-4592-96c6-027477ee7b82"")>",https://www.imdb.com/title/tt0053291/?pf_rd_m=A2FGELUUNOQJNL&pf_rd_p=e31d89dd-322d-4646-8962-327b42fe94b1&pf_rd_r=JW046FCBFA7JHWACG7RK&pf_rd_s=center-1&pf_rd_t=15506&pf_rd_i=top&ref_=chttp_tt_126
Howl's Moving Castle,"<selenium.webdriver.remote.webelement.WebElement (session=""16774413e9468f4230035ae3a6f9a0ca"", element=""79f13ee9-5a50-4a3f-940e-e5038929e1a2"")>",https://www.imdb.com/title/tt0347149/?pf_rd_m=A2FGELUUNOQJNL&pf_rd_p=e31d89dd-322d-4646-8962-327b42fe94b1&pf_rd_r=4W80ZF5AZJEA622E8SEY&pf_rd_s=center-1&pf_rd_t=15506&pf_rd_i=top&ref_=chttp_tt_127
The Great Escape,"<selenium.webdriver.remote.webelement.WebElement (session=""16774413e9468f4230035ae3a6f9a0ca"", element=""db76ef96-1a96-4977-aaea-097e7a1ae118"")>",https://www.imdb.com/title/tt0057115/?pf_rd_m=A2FGELUUNOQJNL&pf_rd_p=e31d89dd-322d-4646-8962-327b42fe94b1&pf_rd_r=NAX11E260F6SNS49QDAY&pf_rd_s=center-1&pf_rd_t=15506&pf_rd_i=top&ref_=chttp_tt_128
My Neighbor Totoro,"<selenium.webdriver.remote.webelement.WebElement (session=""16774413e9468f4230035ae3a6f9a0ca"", element=""d0ffdf2b-53df-457a-8fd2-2a2c1bcc3ba9"")>",https://www.imdb.com/title/tt0096283/?pf_rd_m=A2FGELUUNOQJNL&pf_rd_p=e31d89dd-322d-4646-8962-327b42fe94b1&pf_rd_r=YKF5GMY1PQP6SCQX7ARX&pf_rd_s=center-1&pf_rd_t=15506&pf_rd_i=top&ref_=chttp_tt_129
All About Eve,"<selenium.webdriver.remote.webelement.WebElement (session=""16774413e9468f4230035ae3a6f9a0ca"", element=""ece7f026-9e95-4362-b2fc-43015a9e8ec1"")>",https://www.imdb.com/title/tt0042192/?pf_rd_m=A2FGELUUNOQJNL&pf_rd_p=e31d89dd-322d-4646-8962-327b42fe94b1&pf_rd_r=6K914GJ0BZFFJNFMFES4&pf_rd_s=center-1&pf_rd_t=15506&pf_rd_i=top&ref_=chttp_tt_130
A Beautiful Mind,"<selenium.webdriver.remote.webelement.WebElement (session=""16774413e9468f4230035ae3a6f9a0ca"", element=""c48f11c1-8b6a-437d-ba43-6c83abee8fde"")>",https://www.imdb.com/title/tt0268978/?pf_rd_m=A2FGELUUNOQJNL&pf_rd_p=e31d89dd-322d-4646-8962-327b42fe94b1&pf_rd_r=8KXN1C65WZX6P4BHAWRT&pf_rd_s=center-1&pf_rd_t=15506&pf_rd_i=top&ref_=chttp_tt_131
Ran,"<selenium.webdriver.remote.webelement.WebElement (session=""16774413e9468f4230035ae3a6f9a0ca"", element=""38ff18d9-7f2a-4f4e-ac33-c8ec9832d5e6"")>",https://www.imdb.com/title/tt0089881/?pf_rd_m=A2FGELUUNOQJNL&pf_rd_p=e31d89dd-322d-4646-8962-327b42fe94b1&pf_rd_r=BDJR3T4PJRDTYWERKSVE&pf_rd_s=center-1&pf_rd_t=15506&pf_rd_i=top&ref_=chttp_tt_132
Pan's Labyrinth,"<selenium.webdriver.remote.webelement.WebElement (session=""16774413e9468f4230035ae3a6f9a0ca"", element=""4e463c6f-cb75-4e6d-aeb2-3e16814cad0e"")>",https://www.imdb.com/title/tt0457430/?pf_rd_m=A2FGELUUNOQJNL&pf_rd_p=e31d89dd-322d-4646-8962-327b42fe94b1&pf_rd_r=6T7VVDJ3MB26RJ4Q3D33&pf_rd_s=center-1&pf_rd_t=15506&pf_rd_i=top&ref_=chttp_tt_133
The Secret in Their Eyes,"<selenium.webdriver.remote.webelement.WebElement (session=""16774413e9468f4230035ae3a6f9a0ca"", element=""22e1d7fb-57a2-4cdc-ba73-bd12a8f0b571"")>",https://www.imdb.com/title/tt1305806/?pf_rd_m=A2FGELUUNOQJNL&pf_rd_p=e31d89dd-322d-4646-8962-327b42fe94b1&pf_rd_r=ENDTWNF7SEYDV8JP9NQ8&pf_rd_s=center-1&pf_rd_t=15506&pf_rd_i=top&ref_=chttp_tt_134
Casino,"<selenium.webdriver.remote.webelement.WebElement (session=""16774413e9468f4230035ae3a6f9a0ca"", element=""ba16367f-d10d-444c-ba2e-afff21c575db"")>",https://www.imdb.com/title/tt0112641/?pf_rd_m=A2FGELUUNOQJNL&pf_rd_p=e31d89dd-322d-4646-8962-327b42fe94b1&pf_rd_r=CMPBGA43S101HX17RPDZ&pf_rd_s=center-1&pf_rd_t=15506&pf_rd_i=top&ref_=chttp_tt_135
Raging Bull,"<selenium.webdriver.remote.webelement.WebElement (session=""16774413e9468f4230035ae3a6f9a0ca"", element=""98b04f88-a3b3-421f-8325-db94354fc976"")>",https://www.imdb.com/title/tt0081398/?pf_rd_m=A2FGELUUNOQJNL&pf_rd_p=e31d89dd-322d-4646-8962-327b42fe94b1&pf_rd_r=S9F24S1X2D53PN24WDZ3&pf_rd_s=center-1&pf_rd_t=15506&pf_rd_i=top&ref_=chttp_tt_136
"Lock, Stock and Two Smoking Barrels","<selenium.webdriver.remote.webelement.WebElement (session=""16774413e9468f4230035ae3a6f9a0ca"", element=""83cfa424-bf52-442b-975b-5d5dd08e9b28"")>",https://www.imdb.com/title/tt0120735/?pf_rd_m=A2FGELUUNOQJNL&pf_rd_p=e31d89dd-322d-4646-8962-327b42fe94b1&pf_rd_r=0V5N5Q7MACGKNWP2T72A&pf_rd_s=center-1&pf_rd_t=15506&pf_rd_i=top&ref_=chttp_tt_137
Come and See,"<selenium.webdriver.remote.webelement.WebElement (session=""16774413e9468f4230035ae3a6f9a0ca"", element=""6e96ca6d-32b3-40d0-9e2a-206213d5af39"")>",https://www.imdb.com/title/tt0091251/?pf_rd_m=A2FGELUUNOQJNL&pf_rd_p=e31d89dd-322d-4646-8962-327b42fe94b1&pf_rd_r=MTAN93Q5XCMQ7WCJY9RJ&pf_rd_s=center-1&pf_rd_t=15506&pf_rd_i=top&ref_=chttp_tt_138
Babam ve Oglum,"<selenium.webdriver.remote.webelement.WebElement (session=""16774413e9468f4230035ae3a6f9a0ca"", element=""d967810d-07a1-4907-93e7-41c54026e42c"")>",https://www.imdb.com/title/tt0476735/?pf_rd_m=A2FGELUUNOQJNL&pf_rd_p=e31d89dd-322d-4646-8962-327b42fe94b1&pf_rd_r=7S1T4W0WVS7F2N38PKMT&pf_rd_s=center-1&pf_rd_t=15506&pf_rd_i=top&ref_=chttp_tt_139
The Treasure of the Sierra Madre,"<selenium.webdriver.remote.webelement.WebElement (session=""16774413e9468f4230035ae3a6f9a0ca"", element=""7213fb76-2e5b-4259-9969-2928aa8dad2c"")>",https://www.imdb.com/title/tt0040897/?pf_rd_m=A2FGELUUNOQJNL&pf_rd_p=e31d89dd-322d-4646-8962-327b42fe94b1&pf_rd_r=RGT68JRFB6PMBTV47T3S&pf_rd_s=center-1&pf_rd_t=15506&pf_rd_i=top&ref_=chttp_tt_140
The Wolf of Wall Street,"<selenium.webdriver.remote.webelement.WebElement (session=""16774413e9468f4230035ae3a6f9a0ca"", element=""2c514bc4-470b-4b82-88c8-c2f87c20d1e3"")>",https://www.imdb.com/title/tt0993846/?pf_rd_m=A2FGELUUNOQJNL&pf_rd_p=e31d89dd-322d-4646-8962-327b42fe94b1&pf_rd_r=D7WQBDCN8GM8QVF0MY6C&pf_rd_s=center-1&pf_rd_t=15506&pf_rd_i=top&ref_=chttp_tt_141
Judgment at Nuremberg,"<selenium.webdriver.remote.webelement.WebElement (session=""16774413e9468f4230035ae3a6f9a0ca"", element=""20ed3f20-51a8-4e09-be30-f8d6a87945f5"")>",https://www.imdb.com/title/tt0055031/?pf_rd_m=A2FGELUUNOQJNL&pf_rd_p=e31d89dd-322d-4646-8962-327b42fe94b1&pf_rd_r=RB10BBRFV5YFWSG86BMQ&pf_rd_s=center-1&pf_rd_t=15506&pf_rd_i=top&ref_=chttp_tt_142
"Three Billboards Outside Ebbing, Missouri","<selenium.webdriver.remote.webelement.WebElement (session=""16774413e9468f4230035ae3a6f9a0ca"", element=""9b7265f9-e033-4b6f-adb2-cdb2be253f32"")>",https://www.imdb.com/title/tt5027774/?pf_rd_m=A2FGELUUNOQJNL&pf_rd_p=e31d89dd-322d-4646-8962-327b42fe94b1&pf_rd_r=Y239S0Y9652FFYMXCWEB&pf_rd_s=center-1&pf_rd_t=15506&pf_rd_i=top&ref_=chttp_tt_143
Chinatown,"<selenium.webdriver.remote.webelement.WebElement (session=""16774413e9468f4230035ae3a6f9a0ca"", element=""7234a385-a8db-4e2c-b3d9-35fde2b79b2a"")>",https://www.imdb.com/title/tt0071315/?pf_rd_m=A2FGELUUNOQJNL&pf_rd_p=e31d89dd-322d-4646-8962-327b42fe94b1&pf_rd_r=B1HGSZX835PH9YMY97K9&pf_rd_s=center-1&pf_rd_t=15506&pf_rd_i=top&ref_=chttp_tt_144
The Gold Rush,"<selenium.webdriver.remote.webelement.WebElement (session=""16774413e9468f4230035ae3a6f9a0ca"", element=""f7ac22eb-eefa-41b1-9af4-07f285309699"")>",https://www.imdb.com/title/tt0015864/?pf_rd_m=A2FGELUUNOQJNL&pf_rd_p=e31d89dd-322d-4646-8962-327b42fe94b1&pf_rd_r=1TRSFYM3P12KZRZK8Z76&pf_rd_s=center-1&pf_rd_t=15506&pf_rd_i=top&ref_=chttp_tt_145
Inside Out,"<selenium.webdriver.remote.webelement.WebElement (session=""16774413e9468f4230035ae3a6f9a0ca"", element=""57665406-73af-4684-ba35-a5c901d79e0f"")>",https://www.imdb.com/title/tt2096673/?pf_rd_m=A2FGELUUNOQJNL&pf_rd_p=e31d89dd-322d-4646-8962-327b42fe94b1&pf_rd_r=29T69JZTF1JNNKBZWFV0&pf_rd_s=center-1&pf_rd_t=15506&pf_rd_i=top&ref_=chttp_tt_146
Dial M for Murder,"<selenium.webdriver.remote.webelement.WebElement (session=""16774413e9468f4230035ae3a6f9a0ca"", element=""abfd8f67-a082-47a6-8fab-5397549f860c"")>",https://www.imdb.com/title/tt0046912/?pf_rd_m=A2FGELUUNOQJNL&pf_rd_p=e31d89dd-322d-4646-8962-327b42fe94b1&pf_rd_r=024JHYBK8ERVT4HNXGRT&pf_rd_s=center-1&pf_rd_t=15506&pf_rd_i=top&ref_=chttp_tt_147
V for Vendetta,"<selenium.webdriver.remote.webelement.WebElement (session=""16774413e9468f4230035ae3a6f9a0ca"", element=""7fcf1c57-41f3-4e71-b892-10d690dea7c3"")>",https://www.imdb.com/title/tt0434409/?pf_rd_m=A2FGELUUNOQJNL&pf_rd_p=e31d89dd-322d-4646-8962-327b42fe94b1&pf_rd_r=WEADXB0DDXXG85DBNA2Q&pf_rd_s=center-1&pf_rd_t=15506&pf_rd_i=top&ref_=chttp_tt_148
The Seventh Seal,"<selenium.webdriver.remote.webelement.WebElement (session=""16774413e9468f4230035ae3a6f9a0ca"", element=""98288048-df1c-4487-be42-fde601c7bc01"")>",https://www.imdb.com/title/tt0050976/?pf_rd_m=A2FGELUUNOQJNL&pf_rd_p=e31d89dd-322d-4646-8962-327b42fe94b1&pf_rd_r=SFQJPV93RYX9EHC2VPKA&pf_rd_s=center-1&pf_rd_t=15506&pf_rd_i=top&ref_=chttp_tt_149
Warrior,"<selenium.webdriver.remote.webelement.WebElement (session=""16774413e9468f4230035ae3a6f9a0ca"", element=""300181ad-a677-427d-a9ba-34619a9786e3"")>",https://www.imdb.com/title/tt1291584/?pf_rd_m=A2FGELUUNOQJNL&pf_rd_p=e31d89dd-322d-4646-8962-327b42fe94b1&pf_rd_r=QPMB5P42G7ZWQFM1Y0PE&pf_rd_s=center-1&pf_rd_t=15506&pf_rd_i=top&ref_=chttp_tt_150
There Will Be Blood,"<selenium.webdriver.remote.webelement.WebElement (session=""16774413e9468f4230035ae3a6f9a0ca"", element=""51ebae60-dc1d-4a5d-b08b-85d5bd5c7729"")>",https://www.imdb.com/title/tt0469494/?pf_rd_m=A2FGELUUNOQJNL&pf_rd_p=e31d89dd-322d-4646-8962-327b42fe94b1&pf_rd_r=96NHJ81HMNTKJF9N59C9&pf_rd_s=center-1&pf_rd_t=15506&pf_rd_i=top&ref_=chttp_tt_151
Room,"<selenium.webdriver.remote.webelement.WebElement (session=""16774413e9468f4230035ae3a6f9a0ca"", element=""fe97854c-6478-4828-90e1-9fa16cc8f386"")>",https://www.imdb.com/title/tt3170832/?pf_rd_m=A2FGELUUNOQJNL&pf_rd_p=e31d89dd-322d-4646-8962-327b42fe94b1&pf_rd_r=4JHHJPYXG3FSDHNW0MCS&pf_rd_s=center-1&pf_rd_t=15506&pf_rd_i=top&ref_=chttp_tt_152
Trainspotting,"<selenium.webdriver.remote.webelement.WebElement (session=""16774413e9468f4230035ae3a6f9a0ca"", element=""9d198a2a-22d3-498b-b40c-6826a9f2a048"")>",https://www.imdb.com/title/tt0117951/?pf_rd_m=A2FGELUUNOQJNL&pf_rd_p=e31d89dd-322d-4646-8962-327b42fe94b1&pf_rd_r=3T7RDXHAK8NH5JZTRGH9&pf_rd_s=center-1&pf_rd_t=15506&pf_rd_i=top&ref_=chttp_tt_153
Andhadhun,"<selenium.webdriver.remote.webelement.WebElement (session=""16774413e9468f4230035ae3a6f9a0ca"", element=""f924f649-d864-492f-8b95-57fa026004b5"")>",https://www.imdb.com/title/tt8108198/?pf_rd_m=A2FGELUUNOQJNL&pf_rd_p=e31d89dd-322d-4646-8962-327b42fe94b1&pf_rd_r=85R67Q6AZA80PXTHHMMB&pf_rd_s=center-1&pf_rd_t=15506&pf_rd_i=top&ref_=chttp_tt_154
No Country for Old Men,"<selenium.webdriver.remote.webelement.WebElement (session=""16774413e9468f4230035ae3a6f9a0ca"", element=""7f431c62-98fa-4382-b73b-ae6d3999bba3"")>",https://www.imdb.com/title/tt0477348/?pf_rd_m=A2FGELUUNOQJNL&pf_rd_p=e31d89dd-322d-4646-8962-327b42fe94b1&pf_rd_r=TX692R88X7Q7NCNHPFAX&pf_rd_s=center-1&pf_rd_t=15506&pf_rd_i=top&ref_=chttp_tt_155
The Elephant Man,"<selenium.webdriver.remote.webelement.WebElement (session=""16774413e9468f4230035ae3a6f9a0ca"", element=""a8d76575-0c61-492a-ad32-ee264aaf1238"")>",https://www.imdb.com/title/tt0080678/?pf_rd_m=A2FGELUUNOQJNL&pf_rd_p=e31d89dd-322d-4646-8962-327b42fe94b1&pf_rd_r=2TKA3F33X7XS9ETVSMX5&pf_rd_s=center-1&pf_rd_t=15506&pf_rd_i=top&ref_=chttp_tt_156
The Sixth Sense,"<selenium.webdriver.remote.webelement.WebElement (session=""16774413e9468f4230035ae3a6f9a0ca"", element=""c0ed9c03-3c88-4b16-8ef0-e03d6ed6d346"")>",https://www.imdb.com/title/tt0167404/?pf_rd_m=A2FGELUUNOQJNL&pf_rd_p=e31d89dd-322d-4646-8962-327b42fe94b1&pf_rd_r=ZRKY7CB08NSV9K8H180W&pf_rd_s=center-1&pf_rd_t=15506&pf_rd_i=top&ref_=chttp_tt_157
Shutter Island,"<selenium.webdriver.remote.webelement.WebElement (session=""16774413e9468f4230035ae3a6f9a0ca"", element=""346465bf-aa29-428e-99b5-823ee980bf0f"")>",https://www.imdb.com/title/tt1130884/?pf_rd_m=A2FGELUUNOQJNL&pf_rd_p=e31d89dd-322d-4646-8962-327b42fe94b1&pf_rd_r=T5R3V868G8F12MR7SVA9&pf_rd_s=center-1&pf_rd_t=15506&pf_rd_i=top&ref_=chttp_tt_158
The Thing,"<selenium.webdriver.remote.webelement.WebElement (session=""16774413e9468f4230035ae3a6f9a0ca"", element=""5134e505-e383-4d04-bcc7-4aea1f4dfef4"")>",https://www.imdb.com/title/tt0084787/?pf_rd_m=A2FGELUUNOQJNL&pf_rd_p=e31d89dd-322d-4646-8962-327b42fe94b1&pf_rd_r=K3Z3KT6WZFD9MS2AN7JW&pf_rd_s=center-1&pf_rd_t=15506&pf_rd_i=top&ref_=chttp_tt_159
The Bandit,"<selenium.webdriver.remote.webelement.WebElement (session=""16774413e9468f4230035ae3a6f9a0ca"", element=""3d32fe04-4f6c-4125-84d2-19377209ceaa"")>",https://www.imdb.com/title/tt0116231/?pf_rd_m=A2FGELUUNOQJNL&pf_rd_p=e31d89dd-322d-4646-8962-327b42fe94b1&pf_rd_r=9Y9RVZG12QHQQ30RPHVW&pf_rd_s=center-1&pf_rd_t=15506&pf_rd_i=top&ref_=chttp_tt_160
The Bridge on the River Kwai,"<selenium.webdriver.remote.webelement.WebElement (session=""16774413e9468f4230035ae3a6f9a0ca"", element=""e1d2f019-e23a-4754-bafe-5690ae9286ab"")>",https://www.imdb.com/title/tt0050212/?pf_rd_m=A2FGELUUNOQJNL&pf_rd_p=e31d89dd-322d-4646-8962-327b42fe94b1&pf_rd_r=6M254HXDJ7RRDK325KDP&pf_rd_s=center-1&pf_rd_t=15506&pf_rd_i=top&ref_=chttp_tt_161
The Third Man,"<selenium.webdriver.remote.webelement.WebElement (session=""16774413e9468f4230035ae3a6f9a0ca"", element=""c82cab0b-7bde-422a-b76d-ce8c4abd3671"")>",https://www.imdb.com/title/tt0041959/?pf_rd_m=A2FGELUUNOQJNL&pf_rd_p=e31d89dd-322d-4646-8962-327b42fe94b1&pf_rd_r=ZR823N9WCQ3SPDBF611R&pf_rd_s=center-1&pf_rd_t=15506&pf_rd_i=top&ref_=chttp_tt_162
Gone with the Wind,"<selenium.webdriver.remote.webelement.WebElement (session=""16774413e9468f4230035ae3a6f9a0ca"", element=""b0388a82-e4d5-4f6e-b3b6-52d35960763a"")>",https://www.imdb.com/title/tt0031381/?pf_rd_m=A2FGELUUNOQJNL&pf_rd_p=e31d89dd-322d-4646-8962-327b42fe94b1&pf_rd_r=4AC3F2CWYPAAGEXZNP06&pf_rd_s=center-1&pf_rd_t=15506&pf_rd_i=top&ref_=chttp_tt_163
On the Waterfront,"<selenium.webdriver.remote.webelement.WebElement (session=""16774413e9468f4230035ae3a6f9a0ca"", element=""9ecdb659-f811-449d-980a-d10260155663"")>",https://www.imdb.com/title/tt0047296/?pf_rd_m=A2FGELUUNOQJNL&pf_rd_p=e31d89dd-322d-4646-8962-327b42fe94b1&pf_rd_r=4VWN9KH0GYT7PTR7AVKN&pf_rd_s=center-1&pf_rd_t=15506&pf_rd_i=top&ref_=chttp_tt_164
Blade Runner,"<selenium.webdriver.remote.webelement.WebElement (session=""16774413e9468f4230035ae3a6f9a0ca"", element=""f03b6412-1975-4623-9bbc-efdcf5ec0e24"")>",https://www.imdb.com/title/tt0083658/?pf_rd_m=A2FGELUUNOQJNL&pf_rd_p=e31d89dd-322d-4646-8962-327b42fe94b1&pf_rd_r=KMSNQQ71GQENKPRF6A7Z&pf_rd_s=center-1&pf_rd_t=15506&pf_rd_i=top&ref_=chttp_tt_165
Wild Strawberries,"<selenium.webdriver.remote.webelement.WebElement (session=""16774413e9468f4230035ae3a6f9a0ca"", element=""1c9c31bc-920b-4e8d-b997-135aa72746a9"")>",https://www.imdb.com/title/tt0050986/?pf_rd_m=A2FGELUUNOQJNL&pf_rd_p=e31d89dd-322d-4646-8962-327b42fe94b1&pf_rd_r=X90T6JNW01RXY5NVZDPP&pf_rd_s=center-1&pf_rd_t=15506&pf_rd_i=top&ref_=chttp_tt_166
Finding Nemo,"<selenium.webdriver.remote.webelement.WebElement (session=""16774413e9468f4230035ae3a6f9a0ca"", element=""0e6eaa9c-5748-4633-bed3-3785e6d7b08a"")>",https://www.imdb.com/title/tt0266543/?pf_rd_m=A2FGELUUNOQJNL&pf_rd_p=e31d89dd-322d-4646-8962-327b42fe94b1&pf_rd_r=GV6NAVRZ8QP0S2KPDQGJ&pf_rd_s=center-1&pf_rd_t=15506&pf_rd_i=top&ref_=chttp_tt_167
Jurassic Park,"<selenium.webdriver.remote.webelement.WebElement (session=""16774413e9468f4230035ae3a6f9a0ca"", element=""9baf2294-6b8e-4ac9-a81a-873a8e6941ad"")>",https://www.imdb.com/title/tt0107290/?pf_rd_m=A2FGELUUNOQJNL&pf_rd_p=e31d89dd-322d-4646-8962-327b42fe94b1&pf_rd_r=KY09J89TX7YXG9G6DR3P&pf_rd_s=center-1&pf_rd_t=15506&pf_rd_i=top&ref_=chttp_tt_168
Gran Torino,"<selenium.webdriver.remote.webelement.WebElement (session=""16774413e9468f4230035ae3a6f9a0ca"", element=""6c7e4e24-9141-435e-b5ae-e63acdc5d1d9"")>",https://www.imdb.com/title/tt1205489/?pf_rd_m=A2FGELUUNOQJNL&pf_rd_p=e31d89dd-322d-4646-8962-327b42fe94b1&pf_rd_r=3H4REBJD25BRA22KH8D0&pf_rd_s=center-1&pf_rd_t=15506&pf_rd_i=top&ref_=chttp_tt_169
Fargo,"<selenium.webdriver.remote.webelement.WebElement (session=""16774413e9468f4230035ae3a6f9a0ca"", element=""cf998d8e-9859-49f7-b1b9-3f0f36307a2b"")>",https://www.imdb.com/title/tt0116282/?pf_rd_m=A2FGELUUNOQJNL&pf_rd_p=e31d89dd-322d-4646-8962-327b42fe94b1&pf_rd_r=YBQ3WDYPYAKZR30HT1VQ&pf_rd_s=center-1&pf_rd_t=15506&pf_rd_i=top&ref_=chttp_tt_170
Kill Bill: Vol. 1,"<selenium.webdriver.remote.webelement.WebElement (session=""16774413e9468f4230035ae3a6f9a0ca"", element=""7ecd2ba4-16f1-46d5-8abd-d77d8cc8c154"")>",https://www.imdb.com/title/tt0266697/?pf_rd_m=A2FGELUUNOQJNL&pf_rd_p=e31d89dd-322d-4646-8962-327b42fe94b1&pf_rd_r=66EK9ABXHNN85XZ0G232&pf_rd_s=center-1&pf_rd_t=15506&pf_rd_i=top&ref_=chttp_tt_171
The Deer Hunter,"<selenium.webdriver.remote.webelement.WebElement (session=""16774413e9468f4230035ae3a6f9a0ca"", element=""3902396c-4b41-455e-999a-fea9425617da"")>",https://www.imdb.com/title/tt0077416/?pf_rd_m=A2FGELUUNOQJNL&pf_rd_p=e31d89dd-322d-4646-8962-327b42fe94b1&pf_rd_r=83YFEBEK4XXMP8PF70AR&pf_rd_s=center-1&pf_rd_t=15506&pf_rd_i=top&ref_=chttp_tt_172
The Big Lebowski,"<selenium.webdriver.remote.webelement.WebElement (session=""16774413e9468f4230035ae3a6f9a0ca"", element=""30a865c0-2588-445f-b1cd-97cc3d10946d"")>",https://www.imdb.com/title/tt0118715/?pf_rd_m=A2FGELUUNOQJNL&pf_rd_p=e31d89dd-322d-4646-8962-327b42fe94b1&pf_rd_r=56SPXF5H31QX1T1EEM3E&pf_rd_s=center-1&pf_rd_t=15506&pf_rd_i=top&ref_=chttp_tt_173
Tokyo Story,"<selenium.webdriver.remote.webelement.WebElement (session=""16774413e9468f4230035ae3a6f9a0ca"", element=""f185401b-4804-4712-acbb-6b403aa83284"")>",https://www.imdb.com/title/tt0046438/?pf_rd_m=A2FGELUUNOQJNL&pf_rd_p=e31d89dd-322d-4646-8962-327b42fe94b1&pf_rd_r=0ZK1970RPR52ZB17RKD1&pf_rd_s=center-1&pf_rd_t=15506&pf_rd_i=top&ref_=chttp_tt_174
Stalker,"<selenium.webdriver.remote.webelement.WebElement (session=""16774413e9468f4230035ae3a6f9a0ca"", element=""5de5bac6-d780-4c86-8275-31c289b4be73"")>",https://www.imdb.com/title/tt0079944/?pf_rd_m=A2FGELUUNOQJNL&pf_rd_p=e31d89dd-322d-4646-8962-327b42fe94b1&pf_rd_r=37JTQTJY1DFZKCT1QC7K&pf_rd_s=center-1&pf_rd_t=15506&pf_rd_i=top&ref_=chttp_tt_175
The Truman Show,"<selenium.webdriver.remote.webelement.WebElement (session=""16774413e9468f4230035ae3a6f9a0ca"", element=""cf613a99-f1cc-4e7d-8f29-fbcca2bb924e"")>",https://www.imdb.com/title/tt0120382/?pf_rd_m=A2FGELUUNOQJNL&pf_rd_p=e31d89dd-322d-4646-8962-327b42fe94b1&pf_rd_r=N6KEGYXHS57CB4JCS9YR&pf_rd_s=center-1&pf_rd_t=15506&pf_rd_i=top&ref_=chttp_tt_176
Wild Tales,"<selenium.webdriver.remote.webelement.WebElement (session=""16774413e9468f4230035ae3a6f9a0ca"", element=""bbb655aa-25c7-46a3-891c-558cd2b40f34"")>",https://www.imdb.com/title/tt3011894/?pf_rd_m=A2FGELUUNOQJNL&pf_rd_p=e31d89dd-322d-4646-8962-327b42fe94b1&pf_rd_r=NFR67JATZFXC9P91GB7K&pf_rd_s=center-1&pf_rd_t=15506&pf_rd_i=top&ref_=chttp_tt_177
Mary and Max,"<selenium.webdriver.remote.webelement.WebElement (session=""16774413e9468f4230035ae3a6f9a0ca"", element=""a9cd48a2-c4fe-4a7c-8cd5-8be9eec053f2"")>",https://www.imdb.com/title/tt0978762/?pf_rd_m=A2FGELUUNOQJNL&pf_rd_p=e31d89dd-322d-4646-8962-327b42fe94b1&pf_rd_r=1FE0VD7WB0HM8VMY7VT6&pf_rd_s=center-1&pf_rd_t=15506&pf_rd_i=top&ref_=chttp_tt_178
Hacksaw Ridge,"<selenium.webdriver.remote.webelement.WebElement (session=""16774413e9468f4230035ae3a6f9a0ca"", element=""32769013-e8b0-4945-8a5b-387f4dab4b8c"")>",https://www.imdb.com/title/tt2119532/?pf_rd_m=A2FGELUUNOQJNL&pf_rd_p=e31d89dd-322d-4646-8962-327b42fe94b1&pf_rd_r=QZD5S09S8SG3D79HH4CZ&pf_rd_s=center-1&pf_rd_t=15506&pf_rd_i=top&ref_=chttp_tt_179
Gone Girl,"<selenium.webdriver.remote.webelement.WebElement (session=""16774413e9468f4230035ae3a6f9a0ca"", element=""377b06e7-2a55-4bba-b6dd-d697c068a33e"")>",https://www.imdb.com/title/tt2267998/?pf_rd_m=A2FGELUUNOQJNL&pf_rd_p=e31d89dd-322d-4646-8962-327b42fe94b1&pf_rd_r=AG4YWVXVSRC61TNR6CBG&pf_rd_s=center-1&pf_rd_t=15506&pf_rd_i=top&ref_=chttp_tt_180
In the Name of the Father,"<selenium.webdriver.remote.webelement.WebElement (session=""16774413e9468f4230035ae3a6f9a0ca"", element=""bf0b2c56-3450-486f-828a-eb8855d3d0af"")>",https://www.imdb.com/title/tt0107207/?pf_rd_m=A2FGELUUNOQJNL&pf_rd_p=e31d89dd-322d-4646-8962-327b42fe94b1&pf_rd_r=5HS83E099W9FQ98F4PXY&pf_rd_s=center-1&pf_rd_t=15506&pf_rd_i=top&ref_=chttp_tt_181
Sherlock Jr.,"<selenium.webdriver.remote.webelement.WebElement (session=""16774413e9468f4230035ae3a6f9a0ca"", element=""ca02b6b7-d406-498f-990e-a23584395e62"")>",https://www.imdb.com/title/tt0015324/?pf_rd_m=A2FGELUUNOQJNL&pf_rd_p=e31d89dd-322d-4646-8962-327b42fe94b1&pf_rd_r=KJWS9KB019KHVVYSPYGR&pf_rd_s=center-1&pf_rd_t=15506&pf_rd_i=top&ref_=chttp_tt_182
The General,"<selenium.webdriver.remote.webelement.WebElement (session=""16774413e9468f4230035ae3a6f9a0ca"", element=""b74f4ea8-8d9b-4a76-8d28-0369bdc872b4"")>",https://www.imdb.com/title/tt0017925/?pf_rd_m=A2FGELUUNOQJNL&pf_rd_p=e31d89dd-322d-4646-8962-327b42fe94b1&pf_rd_r=CA8EBKYJ7DBYXB7QS8AD&pf_rd_s=center-1&pf_rd_t=15506&pf_rd_i=top&ref_=chttp_tt_183
How to Train Your Dragon,"<selenium.webdriver.remote.webelement.WebElement (session=""16774413e9468f4230035ae3a6f9a0ca"", element=""d2938ddd-8b17-420f-ad00-fd32ff4e9eab"")>",https://www.imdb.com/title/tt0892769/?pf_rd_m=A2FGELUUNOQJNL&pf_rd_p=e31d89dd-322d-4646-8962-327b42fe94b1&pf_rd_r=NJ23ANJR3536CQ9XK3XY&pf_rd_s=center-1&pf_rd_t=15506&pf_rd_i=top&ref_=chttp_tt_184
Mr. Smith Goes to Washington,"<selenium.webdriver.remote.webelement.WebElement (session=""16774413e9468f4230035ae3a6f9a0ca"", element=""99b16152-2490-4a85-ba8e-f33f234739ea"")>",https://www.imdb.com/title/tt0031679/?pf_rd_m=A2FGELUUNOQJNL&pf_rd_p=e31d89dd-322d-4646-8962-327b42fe94b1&pf_rd_r=MKHC4X9G7DGTGSA02Y29&pf_rd_s=center-1&pf_rd_t=15506&pf_rd_i=top&ref_=chttp_tt_185
The Grand Budapest Hotel,"<selenium.webdriver.remote.webelement.WebElement (session=""16774413e9468f4230035ae3a6f9a0ca"", element=""7d9c8612-5db1-46a9-8e90-c54adc2e7a3c"")>",https://www.imdb.com/title/tt2278388/?pf_rd_m=A2FGELUUNOQJNL&pf_rd_p=e31d89dd-322d-4646-8962-327b42fe94b1&pf_rd_r=XFTJ0Q80R054Q6VQSCC9&pf_rd_s=center-1&pf_rd_t=15506&pf_rd_i=top&ref_=chttp_tt_186
Toy Story 4,"<selenium.webdriver.remote.webelement.WebElement (session=""16774413e9468f4230035ae3a6f9a0ca"", element=""16c6722f-31e7-4a03-8de5-73bc83ae4b5c"")>",https://www.imdb.com/title/tt1979376/?pf_rd_m=A2FGELUUNOQJNL&pf_rd_p=e31d89dd-322d-4646-8962-327b42fe94b1&pf_rd_r=6N6J3QAXZ58K420TANHT&pf_rd_s=center-1&pf_rd_t=15506&pf_rd_i=top&ref_=chttp_tt_187
Memories of Murder,"<selenium.webdriver.remote.webelement.WebElement (session=""16774413e9468f4230035ae3a6f9a0ca"", element=""c21568f8-bd26-41bd-bde8-f76221a781b1"")>",https://www.imdb.com/title/tt0353969/?pf_rd_m=A2FGELUUNOQJNL&pf_rd_p=e31d89dd-322d-4646-8962-327b42fe94b1&pf_rd_r=JAAQZ8S72MHSNEZJY4RJ&pf_rd_s=center-1&pf_rd_t=15506&pf_rd_i=top&ref_=chttp_tt_188
Persona,"<selenium.webdriver.remote.webelement.WebElement (session=""16774413e9468f4230035ae3a6f9a0ca"", element=""72691062-edce-4060-a4b7-eba495eee22c"")>",https://www.imdb.com/title/tt0060827/?pf_rd_m=A2FGELUUNOQJNL&pf_rd_p=e31d89dd-322d-4646-8962-327b42fe94b1&pf_rd_r=XKAB1F86Y3D1EA0DSSM7&pf_rd_s=center-1&pf_rd_t=15506&pf_rd_i=top&ref_=chttp_tt_189
Before Sunrise,"<selenium.webdriver.remote.webelement.WebElement (session=""16774413e9468f4230035ae3a6f9a0ca"", element=""c5ddea2b-1414-4910-b99a-cf058b5716bc"")>",https://www.imdb.com/title/tt0112471/?pf_rd_m=A2FGELUUNOQJNL&pf_rd_p=e31d89dd-322d-4646-8962-327b42fe94b1&pf_rd_r=HAVHATHY7YA3NKXT5MZA&pf_rd_s=center-1&pf_rd_t=15506&pf_rd_i=top&ref_=chttp_tt_190
Catch Me If You Can,"<selenium.webdriver.remote.webelement.WebElement (session=""16774413e9468f4230035ae3a6f9a0ca"", element=""516343c7-7169-446f-bf7e-235c9a76d4dc"")>",https://www.imdb.com/title/tt0264464/?pf_rd_m=A2FGELUUNOQJNL&pf_rd_p=e31d89dd-322d-4646-8962-327b42fe94b1&pf_rd_r=359K7C6Y1F1KQBW5FJCP&pf_rd_s=center-1&pf_rd_t=15506&pf_rd_i=top&ref_=chttp_tt_191
Into the Wild,"<selenium.webdriver.remote.webelement.WebElement (session=""16774413e9468f4230035ae3a6f9a0ca"", element=""962dbc30-b561-47a4-88ed-3e70a573b8c5"")>",https://www.imdb.com/title/tt0758758/?pf_rd_m=A2FGELUUNOQJNL&pf_rd_p=e31d89dd-322d-4646-8962-327b42fe94b1&pf_rd_r=4EVMJ9WVCMR69J8JXQG9&pf_rd_s=center-1&pf_rd_t=15506&pf_rd_i=top&ref_=chttp_tt_192
Once Upon a Time... in Hollywood,"<selenium.webdriver.remote.webelement.WebElement (session=""16774413e9468f4230035ae3a6f9a0ca"", element=""ccb8ec1a-922a-479a-81c3-9cb5be4b20a0"")>",https://www.imdb.com/title/tt7131622/?pf_rd_m=A2FGELUUNOQJNL&pf_rd_p=e31d89dd-322d-4646-8962-327b42fe94b1&pf_rd_r=HQHEGZ9X227D80QRCAAB&pf_rd_s=center-1&pf_rd_t=15506&pf_rd_i=top&ref_=chttp_tt_193
Cool Hand Luke,"<selenium.webdriver.remote.webelement.WebElement (session=""16774413e9468f4230035ae3a6f9a0ca"", element=""e643cf69-8fc4-4f64-b45e-05f8e5ee48f9"")>",https://www.imdb.com/title/tt0061512/?pf_rd_m=A2FGELUUNOQJNL&pf_rd_p=e31d89dd-322d-4646-8962-327b42fe94b1&pf_rd_r=N3FHCB5CC819ERCJDMBC&pf_rd_s=center-1&pf_rd_t=15506&pf_rd_i=top&ref_=chttp_tt_194
The Wages of Fear,"<selenium.webdriver.remote.webelement.WebElement (session=""16774413e9468f4230035ae3a6f9a0ca"", element=""6f9ff87f-d46b-4600-97a3-8d609a516d17"")>",https://www.imdb.com/title/tt0046268/?pf_rd_m=A2FGELUUNOQJNL&pf_rd_p=e31d89dd-322d-4646-8962-327b42fe94b1&pf_rd_r=6JKZ2VPESRMV6PCGABGG&pf_rd_s=center-1&pf_rd_t=15506&pf_rd_i=top&ref_=chttp_tt_195
12 Years a Slave,"<selenium.webdriver.remote.webelement.WebElement (session=""16774413e9468f4230035ae3a6f9a0ca"", element=""1b7ae806-b2ed-4565-a2e8-3f3afebbb7ba"")>",https://www.imdb.com/title/tt2024544/?pf_rd_m=A2FGELUUNOQJNL&pf_rd_p=e31d89dd-322d-4646-8962-327b42fe94b1&pf_rd_r=VA8M47XNPG53WMSAY21R&pf_rd_s=center-1&pf_rd_t=15506&pf_rd_i=top&ref_=chttp_tt_196
Andrei Rublev,"<selenium.webdriver.remote.webelement.WebElement (session=""16774413e9468f4230035ae3a6f9a0ca"", element=""a8969c5d-87a1-4113-b78c-61f98bfa2b11"")>",https://www.imdb.com/title/tt0060107/?pf_rd_m=A2FGELUUNOQJNL&pf_rd_p=e31d89dd-322d-4646-8962-327b42fe94b1&pf_rd_r=FDCFM4ETCRMAP65W7M55&pf_rd_s=center-1&pf_rd_t=15506&pf_rd_i=top&ref_=chttp_tt_197
Network,"<selenium.webdriver.remote.webelement.WebElement (session=""16774413e9468f4230035ae3a6f9a0ca"", element=""89e7bb26-c257-40df-956d-a816eb3fc2b7"")>",https://www.imdb.com/title/tt0074958/?pf_rd_m=A2FGELUUNOQJNL&pf_rd_p=e31d89dd-322d-4646-8962-327b42fe94b1&pf_rd_r=V8V4WXEA0ER4B7NJJRAA&pf_rd_s=center-1&pf_rd_t=15506&pf_rd_i=top&ref_=chttp_tt_198
Rang De Basanti,"<selenium.webdriver.remote.webelement.WebElement (session=""16774413e9468f4230035ae3a6f9a0ca"", element=""b6b56eb0-7c9e-424a-88e8-4575a6f47332"")>",https://www.imdb.com/title/tt0405508/?pf_rd_m=A2FGELUUNOQJNL&pf_rd_p=e31d89dd-322d-4646-8962-327b42fe94b1&pf_rd_r=RYS3DW8PJVHSE925MAM6&pf_rd_s=center-1&pf_rd_t=15506&pf_rd_i=top&ref_=chttp_tt_199
Monty Python's Life of Brian,"<selenium.webdriver.remote.webelement.WebElement (session=""16774413e9468f4230035ae3a6f9a0ca"", element=""9bbc9037-abda-466c-8bfa-e173b39496a7"")>",https://www.imdb.com/title/tt0079470/?pf_rd_m=A2FGELUUNOQJNL&pf_rd_p=e31d89dd-322d-4646-8962-327b42fe94b1&pf_rd_r=0QYD3S9A2DG1Q41VJ0GV&pf_rd_s=center-1&pf_rd_t=15506&pf_rd_i=top&ref_=chttp_tt_200
The Passion of Joan of Arc,"<selenium.webdriver.remote.webelement.WebElement (session=""16774413e9468f4230035ae3a6f9a0ca"", element=""316c9ad9-8c50-4c9a-b276-68fe8e551f4d"")>",https://www.imdb.com/title/tt0019254/?pf_rd_m=A2FGELUUNOQJNL&pf_rd_p=e31d89dd-322d-4646-8962-327b42fe94b1&pf_rd_r=NY1AQSBMKCCS6NWEY9YH&pf_rd_s=center-1&pf_rd_t=15506&pf_rd_i=top&ref_=chttp_tt_201
Prisoners,"<selenium.webdriver.remote.webelement.WebElement (session=""16774413e9468f4230035ae3a6f9a0ca"", element=""194f3bbd-63fe-4a77-90c2-fe7ed11ffdf1"")>",https://www.imdb.com/title/tt1392214/?pf_rd_m=A2FGELUUNOQJNL&pf_rd_p=e31d89dd-322d-4646-8962-327b42fe94b1&pf_rd_r=5CYF85YH0VKJCNTZW3ZP&pf_rd_s=center-1&pf_rd_t=15506&pf_rd_i=top&ref_=chttp_tt_202
Stand by Me,"<selenium.webdriver.remote.webelement.WebElement (session=""16774413e9468f4230035ae3a6f9a0ca"", element=""4ead078a-b394-4ada-a648-b79c6fbe0ec4"")>",https://www.imdb.com/title/tt0092005/?pf_rd_m=A2FGELUUNOQJNL&pf_rd_p=e31d89dd-322d-4646-8962-327b42fe94b1&pf_rd_r=091B9ENXC5P8SSWNWPE8&pf_rd_s=center-1&pf_rd_t=15506&pf_rd_i=top&ref_=chttp_tt_203
Mad Max: Fury Road,"<selenium.webdriver.remote.webelement.WebElement (session=""16774413e9468f4230035ae3a6f9a0ca"", element=""16f7dddd-0825-4ca8-b71b-e96f71726eb0"")>",https://www.imdb.com/title/tt1392190/?pf_rd_m=A2FGELUUNOQJNL&pf_rd_p=e31d89dd-322d-4646-8962-327b42fe94b1&pf_rd_r=ZFK4XZSDX8ZVD6QHAFT2&pf_rd_s=center-1&pf_rd_t=15506&pf_rd_i=top&ref_=chttp_tt_204
Platoon,"<selenium.webdriver.remote.webelement.WebElement (session=""16774413e9468f4230035ae3a6f9a0ca"", element=""94e916b0-9988-4b8c-bc17-0d602cb71a48"")>",https://www.imdb.com/title/tt0091763/?pf_rd_m=A2FGELUUNOQJNL&pf_rd_p=e31d89dd-322d-4646-8962-327b42fe94b1&pf_rd_r=Z0E7Q9D9W3M6W4K6NRS6&pf_rd_s=center-1&pf_rd_t=15506&pf_rd_i=top&ref_=chttp_tt_205
Rush,"<selenium.webdriver.remote.webelement.WebElement (session=""16774413e9468f4230035ae3a6f9a0ca"", element=""0f417d62-28d2-4d85-ae69-c63b102708f6"")>",https://www.imdb.com/title/tt1979320/?pf_rd_m=A2FGELUUNOQJNL&pf_rd_p=e31d89dd-322d-4646-8962-327b42fe94b1&pf_rd_r=N089WCJVJ1G7KMZMF6HE&pf_rd_s=center-1&pf_rd_t=15506&pf_rd_i=top&ref_=chttp_tt_206
Million Dollar Baby,"<selenium.webdriver.remote.webelement.WebElement (session=""16774413e9468f4230035ae3a6f9a0ca"", element=""5ac41cc6-5bd7-42fc-ba35-d682051131f1"")>",https://www.imdb.com/title/tt0405159/?pf_rd_m=A2FGELUUNOQJNL&pf_rd_p=e31d89dd-322d-4646-8962-327b42fe94b1&pf_rd_r=9NCMHYHXTZK9YCBKYG1M&pf_rd_s=center-1&pf_rd_t=15506&pf_rd_i=top&ref_=chttp_tt_207
Hachi: A Dog's Tale,"<selenium.webdriver.remote.webelement.WebElement (session=""16774413e9468f4230035ae3a6f9a0ca"", element=""0a68329a-308f-446b-aa08-2979e51b308b"")>",https://www.imdb.com/title/tt1028532/?pf_rd_m=A2FGELUUNOQJNL&pf_rd_p=e31d89dd-322d-4646-8962-327b42fe94b1&pf_rd_r=R0VW3XP059RZR0XJWPRP&pf_rd_s=center-1&pf_rd_t=15506&pf_rd_i=top&ref_=chttp_tt_208
Logan,"<selenium.webdriver.remote.webelement.WebElement (session=""16774413e9468f4230035ae3a6f9a0ca"", element=""61b164e2-b844-4fe2-8581-9154b22590c6"")>",https://www.imdb.com/title/tt3315342/?pf_rd_m=A2FGELUUNOQJNL&pf_rd_p=e31d89dd-322d-4646-8962-327b42fe94b1&pf_rd_r=0KQZZ5V5X93KWNKDVCHE&pf_rd_s=center-1&pf_rd_t=15506&pf_rd_i=top&ref_=chttp_tt_209
Ben-Hur,"<selenium.webdriver.remote.webelement.WebElement (session=""16774413e9468f4230035ae3a6f9a0ca"", element=""a5c2a34e-d411-427f-beb6-6f6366fa6d16"")>",https://www.imdb.com/title/tt0052618/?pf_rd_m=A2FGELUUNOQJNL&pf_rd_p=e31d89dd-322d-4646-8962-327b42fe94b1&pf_rd_r=YR70QJ6YERSFVJWY5ANM&pf_rd_s=center-1&pf_rd_t=15506&pf_rd_i=top&ref_=chttp_tt_210
Barry Lyndon,"<selenium.webdriver.remote.webelement.WebElement (session=""16774413e9468f4230035ae3a6f9a0ca"", element=""c7f68579-8356-4c98-87f7-1fc72ef358ef"")>",https://www.imdb.com/title/tt0072684/?pf_rd_m=A2FGELUUNOQJNL&pf_rd_p=e31d89dd-322d-4646-8962-327b42fe94b1&pf_rd_r=VXHAWEE8D5XF0RCY96DM&pf_rd_s=center-1&pf_rd_t=15506&pf_rd_i=top&ref_=chttp_tt_211
Hotel Rwanda,"<selenium.webdriver.remote.webelement.WebElement (session=""16774413e9468f4230035ae3a6f9a0ca"", element=""bc05a0a6-26a3-4252-bfa0-0736748daa37"")>",https://www.imdb.com/title/tt0395169/?pf_rd_m=A2FGELUUNOQJNL&pf_rd_p=e31d89dd-322d-4646-8962-327b42fe94b1&pf_rd_r=6PQWNEV6M728YAD4136S&pf_rd_s=center-1&pf_rd_t=15506&pf_rd_i=top&ref_=chttp_tt_212
Amores Perros,"<selenium.webdriver.remote.webelement.WebElement (session=""16774413e9468f4230035ae3a6f9a0ca"", element=""712c41a9-ca8e-4ef2-91d7-f7a2a5ac22b1"")>",https://www.imdb.com/title/tt0245712/?pf_rd_m=A2FGELUUNOQJNL&pf_rd_p=e31d89dd-322d-4646-8962-327b42fe94b1&pf_rd_r=HMG3N9NBJE4CS2M55HG5&pf_rd_s=center-1&pf_rd_t=15506&pf_rd_i=top&ref_=chttp_tt_213
Nausicaä of the Valley of the Wind,"<selenium.webdriver.remote.webelement.WebElement (session=""16774413e9468f4230035ae3a6f9a0ca"", element=""50ea18a0-7aaa-4e72-9f40-831bf96954cf"")>",https://www.imdb.com/title/tt0087544/?pf_rd_m=A2FGELUUNOQJNL&pf_rd_p=e31d89dd-322d-4646-8962-327b42fe94b1&pf_rd_r=XK0Y815VQMCCQR5ANDJ2&pf_rd_s=center-1&pf_rd_t=15506&pf_rd_i=top&ref_=chttp_tt_214
Spotlight,"<selenium.webdriver.remote.webelement.WebElement (session=""16774413e9468f4230035ae3a6f9a0ca"", element=""c4842a7d-945c-453b-82b2-c4560e3c7d6a"")>",https://www.imdb.com/title/tt1895587/?pf_rd_m=A2FGELUUNOQJNL&pf_rd_p=e31d89dd-322d-4646-8962-327b42fe94b1&pf_rd_r=X0BVQK3Z7FQV8WQ51ND9&pf_rd_s=center-1&pf_rd_t=15506&pf_rd_i=top&ref_=chttp_tt_215
The 400 Blows,"<selenium.webdriver.remote.webelement.WebElement (session=""16774413e9468f4230035ae3a6f9a0ca"", element=""92f54f9a-1442-492c-af58-274338d7701b"")>",https://www.imdb.com/title/tt0053198/?pf_rd_m=A2FGELUUNOQJNL&pf_rd_p=e31d89dd-322d-4646-8962-327b42fe94b1&pf_rd_r=26G9B14G632JMX2GBT11&pf_rd_s=center-1&pf_rd_t=15506&pf_rd_i=top&ref_=chttp_tt_216
Harry Potter and the Deathly Hallows: Part 2,"<selenium.webdriver.remote.webelement.WebElement (session=""16774413e9468f4230035ae3a6f9a0ca"", element=""190f1e1d-6c4c-4c6e-b5b0-6a150a0f8f69"")>",https://www.imdb.com/title/tt1201607/?pf_rd_m=A2FGELUUNOQJNL&pf_rd_p=e31d89dd-322d-4646-8962-327b42fe94b1&pf_rd_r=R0A210CQA143BJ90VTDD&pf_rd_s=center-1&pf_rd_t=15506&pf_rd_i=top&ref_=chttp_tt_217
Dead Poets Society,"<selenium.webdriver.remote.webelement.WebElement (session=""16774413e9468f4230035ae3a6f9a0ca"", element=""4d70a7ee-fb13-40d7-a6ef-9e82a9c87dce"")>",https://www.imdb.com/title/tt0097165/?pf_rd_m=A2FGELUUNOQJNL&pf_rd_p=e31d89dd-322d-4646-8962-327b42fe94b1&pf_rd_r=ST4EQTDACN1R7VZRBMEK&pf_rd_s=center-1&pf_rd_t=15506&pf_rd_i=top&ref_=chttp_tt_218
Rebecca,"<selenium.webdriver.remote.webelement.WebElement (session=""16774413e9468f4230035ae3a6f9a0ca"", element=""5a487908-24f0-462b-844f-1d90f82964e9"")>",https://www.imdb.com/title/tt0032976/?pf_rd_m=A2FGELUUNOQJNL&pf_rd_p=e31d89dd-322d-4646-8962-327b42fe94b1&pf_rd_r=2VB419DSG8W9GV7ZYTMS&pf_rd_s=center-1&pf_rd_t=15506&pf_rd_i=top&ref_=chttp_tt_219
Rocky,"<selenium.webdriver.remote.webelement.WebElement (session=""16774413e9468f4230035ae3a6f9a0ca"", element=""2c09d781-556a-4b11-a6d7-2323552e3da7"")>",https://www.imdb.com/title/tt0075148/?pf_rd_m=A2FGELUUNOQJNL&pf_rd_p=e31d89dd-322d-4646-8962-327b42fe94b1&pf_rd_r=5C8KS2153VBG1A4E0Q8C&pf_rd_s=center-1&pf_rd_t=15506&pf_rd_i=top&ref_=chttp_tt_220
Gangs of Wasseypur,"<selenium.webdriver.remote.webelement.WebElement (session=""16774413e9468f4230035ae3a6f9a0ca"", element=""87c3a376-e0b8-49e8-aec7-e6351fcd057f"")>",https://www.imdb.com/title/tt1954470/?pf_rd_m=A2FGELUUNOQJNL&pf_rd_p=e31d89dd-322d-4646-8962-327b42fe94b1&pf_rd_r=3ZRMP991S2HMMGHTEMPF&pf_rd_s=center-1&pf_rd_t=15506&pf_rd_i=top&ref_=chttp_tt_221
The Exterminating Angel,"<selenium.webdriver.remote.webelement.WebElement (session=""16774413e9468f4230035ae3a6f9a0ca"", element=""99d16e3a-b061-4f40-9693-9a4958729f19"")>",https://www.imdb.com/title/tt0056732/?pf_rd_m=A2FGELUUNOQJNL&pf_rd_p=e31d89dd-322d-4646-8962-327b42fe94b1&pf_rd_r=BPWCPJDPNPVC7S6ZE7XJ&pf_rd_s=center-1&pf_rd_t=15506&pf_rd_i=top&ref_=chttp_tt_222
Lagaan: Once Upon a Time in India,"<selenium.webdriver.remote.webelement.WebElement (session=""16774413e9468f4230035ae3a6f9a0ca"", element=""ca99611a-38bd-4453-9c75-a6ee5d41116c"")>",https://www.imdb.com/title/tt0169102/?pf_rd_m=A2FGELUUNOQJNL&pf_rd_p=e31d89dd-322d-4646-8962-327b42fe94b1&pf_rd_r=A5T4A29NNNR4W80Z9QFH&pf_rd_s=center-1&pf_rd_t=15506&pf_rd_i=top&ref_=chttp_tt_223
"Monsters, Inc.","<selenium.webdriver.remote.webelement.WebElement (session=""16774413e9468f4230035ae3a6f9a0ca"", element=""df1f16c3-4b7f-4e14-a396-743b7a91b771"")>",https://www.imdb.com/title/tt0198781/?pf_rd_m=A2FGELUUNOQJNL&pf_rd_p=e31d89dd-322d-4646-8962-327b42fe94b1&pf_rd_r=77GSP9B5RBYGA16XNC5H&pf_rd_s=center-1&pf_rd_t=15506&pf_rd_i=top&ref_=chttp_tt_224
It Happened One Night,"<selenium.webdriver.remote.webelement.WebElement (session=""16774413e9468f4230035ae3a6f9a0ca"", element=""c33bb094-a199-4465-a5b6-0b55b3de98d9"")>",https://www.imdb.com/title/tt0025316/?pf_rd_m=A2FGELUUNOQJNL&pf_rd_p=e31d89dd-322d-4646-8962-327b42fe94b1&pf_rd_r=7YV5A3397J00NXMQT1WR&pf_rd_s=center-1&pf_rd_t=15506&pf_rd_i=top&ref_=chttp_tt_225
La Haine,"<selenium.webdriver.remote.webelement.WebElement (session=""16774413e9468f4230035ae3a6f9a0ca"", element=""7f22d32e-7ba3-4588-a83b-f9e3cd7997a9"")>",https://www.imdb.com/title/tt0113247/?pf_rd_m=A2FGELUUNOQJNL&pf_rd_p=e31d89dd-322d-4646-8962-327b42fe94b1&pf_rd_r=TD3EB2VZZ1T1QGTFM6S0&pf_rd_s=center-1&pf_rd_t=15506&pf_rd_i=top&ref_=chttp_tt_226
Munna Bhai M.B.B.S.,"<selenium.webdriver.remote.webelement.WebElement (session=""16774413e9468f4230035ae3a6f9a0ca"", element=""10922c40-39ab-42cf-b9db-457c9e80969c"")>",https://www.imdb.com/title/tt0374887/?pf_rd_m=A2FGELUUNOQJNL&pf_rd_p=e31d89dd-322d-4646-8962-327b42fe94b1&pf_rd_r=0RWPHZNCKZ1A7KFNN194&pf_rd_s=center-1&pf_rd_t=15506&pf_rd_i=top&ref_=chttp_tt_227
The Handmaiden,"<selenium.webdriver.remote.webelement.WebElement (session=""16774413e9468f4230035ae3a6f9a0ca"", element=""9fac260f-488c-4e06-87eb-8b808c233d0c"")>",https://www.imdb.com/title/tt4016934/?pf_rd_m=A2FGELUUNOQJNL&pf_rd_p=e31d89dd-322d-4646-8962-327b42fe94b1&pf_rd_r=SCVXNJNRQRXXH9F10KGX&pf_rd_s=center-1&pf_rd_t=15506&pf_rd_i=top&ref_=chttp_tt_228
The Princess Bride,"<selenium.webdriver.remote.webelement.WebElement (session=""16774413e9468f4230035ae3a6f9a0ca"", element=""9370c119-47d2-4f86-9590-1c79b420a6a5"")>",https://www.imdb.com/title/tt0093779/?pf_rd_m=A2FGELUUNOQJNL&pf_rd_p=e31d89dd-322d-4646-8962-327b42fe94b1&pf_rd_r=ZMS83XZX74S26MZB0C43&pf_rd_s=center-1&pf_rd_t=15506&pf_rd_i=top&ref_=chttp_tt_229
Swades,"<selenium.webdriver.remote.webelement.WebElement (session=""16774413e9468f4230035ae3a6f9a0ca"", element=""35e2ea80-a236-4943-8fa0-86f1ddff7c76"")>",https://www.imdb.com/title/tt0367110/?pf_rd_m=A2FGELUUNOQJNL&pf_rd_p=e31d89dd-322d-4646-8962-327b42fe94b1&pf_rd_r=K6JCSJJQRWR8JDNRFC5G&pf_rd_s=center-1&pf_rd_t=15506&pf_rd_i=top&ref_=chttp_tt_230
PK,"<selenium.webdriver.remote.webelement.WebElement (session=""16774413e9468f4230035ae3a6f9a0ca"", element=""3c695626-531e-4671-85e3-0f388045c0fb"")>",https://www.imdb.com/title/tt2338151/?pf_rd_m=A2FGELUUNOQJNL&pf_rd_p=e31d89dd-322d-4646-8962-327b42fe94b1&pf_rd_r=S11A2HNAFF5HFJYZNHCW&pf_rd_s=center-1&pf_rd_t=15506&pf_rd_i=top&ref_=chttp_tt_231
Butch Cassidy and the Sundance Kid,"<selenium.webdriver.remote.webelement.WebElement (session=""16774413e9468f4230035ae3a6f9a0ca"", element=""095ad207-deca-4fae-8f63-841dc73588d8"")>",https://www.imdb.com/title/tt0064115/?pf_rd_m=A2FGELUUNOQJNL&pf_rd_p=e31d89dd-322d-4646-8962-327b42fe94b1&pf_rd_r=YRS93PT1CV0BJEN6YERS&pf_rd_s=center-1&pf_rd_t=15506&pf_rd_i=top&ref_=chttp_tt_232
The Help,"<selenium.webdriver.remote.webelement.WebElement (session=""16774413e9468f4230035ae3a6f9a0ca"", element=""2525164f-a9cc-46c7-a6e0-70791df11939"")>",https://www.imdb.com/title/tt1454029/?pf_rd_m=A2FGELUUNOQJNL&pf_rd_p=e31d89dd-322d-4646-8962-327b42fe94b1&pf_rd_r=E6FX5SQGD9RK2T1K041G&pf_rd_s=center-1&pf_rd_t=15506&pf_rd_i=top&ref_=chttp_tt_233
Drishyam,"<selenium.webdriver.remote.webelement.WebElement (session=""16774413e9468f4230035ae3a6f9a0ca"", element=""1c16d0c5-e26b-4713-ba3d-34800402c9ea"")>",https://www.imdb.com/title/tt4430212/?pf_rd_m=A2FGELUUNOQJNL&pf_rd_p=e31d89dd-322d-4646-8962-327b42fe94b1&pf_rd_r=H9KH06ENWERTQD3HTPT4&pf_rd_s=center-1&pf_rd_t=15506&pf_rd_i=top&ref_=chttp_tt_234
A Wednesday,"<selenium.webdriver.remote.webelement.WebElement (session=""16774413e9468f4230035ae3a6f9a0ca"", element=""d0017ac6-c37b-4a22-aa5b-e10cdf25c677"")>",https://www.imdb.com/title/tt1280558/?pf_rd_m=A2FGELUUNOQJNL&pf_rd_p=e31d89dd-322d-4646-8962-327b42fe94b1&pf_rd_r=0NS3K0QHCNZRSE6VFS3Q&pf_rd_s=center-1&pf_rd_t=15506&pf_rd_i=top&ref_=chttp_tt_235
Before Sunset,"<selenium.webdriver.remote.webelement.WebElement (session=""16774413e9468f4230035ae3a6f9a0ca"", element=""8b51c809-a067-492a-9ef7-0f203ede2e79"")>",https://www.imdb.com/title/tt0381681/?pf_rd_m=A2FGELUUNOQJNL&pf_rd_p=e31d89dd-322d-4646-8962-327b42fe94b1&pf_rd_r=GG830K7696JTQAY8JSZN&pf_rd_s=center-1&pf_rd_t=15506&pf_rd_i=top&ref_=chttp_tt_236
Sholay,"<selenium.webdriver.remote.webelement.WebElement (session=""16774413e9468f4230035ae3a6f9a0ca"", element=""ce9deb57-71aa-4226-bc79-b3caf755dbe1"")>",https://www.imdb.com/title/tt0073707/?pf_rd_m=A2FGELUUNOQJNL&pf_rd_p=e31d89dd-322d-4646-8962-327b42fe94b1&pf_rd_r=AQ6C3EHCHXQKF4YJ5MQ4&pf_rd_s=center-1&pf_rd_t=15506&pf_rd_i=top&ref_=chttp_tt_237
"Paris, Texas","<selenium.webdriver.remote.webelement.WebElement (session=""16774413e9468f4230035ae3a6f9a0ca"", element=""38d7769a-9c27-453b-9396-c352cdd2f718"")>",https://www.imdb.com/title/tt0087884/?pf_rd_m=A2FGELUUNOQJNL&pf_rd_p=e31d89dd-322d-4646-8962-327b42fe94b1&pf_rd_r=DETQC1HN5N50Y9F34YNH&pf_rd_s=center-1&pf_rd_t=15506&pf_rd_i=top&ref_=chttp_tt_238
The Terminator,"<selenium.webdriver.remote.webelement.WebElement (session=""16774413e9468f4230035ae3a6f9a0ca"", element=""7b6666ca-3a8f-41d7-b37d-796ec02ac920"")>",https://www.imdb.com/title/tt0088247/?pf_rd_m=A2FGELUUNOQJNL&pf_rd_p=e31d89dd-322d-4646-8962-327b42fe94b1&pf_rd_r=ZV8Z8Z8Z1X8AR3T20PRW&pf_rd_s=center-1&pf_rd_t=15506&pf_rd_i=top&ref_=chttp_tt_239
Akira,"<selenium.webdriver.remote.webelement.WebElement (session=""16774413e9468f4230035ae3a6f9a0ca"", element=""921e3521-1545-432a-88ee-fb44fc2a5ff5"")>",https://www.imdb.com/title/tt0094625/?pf_rd_m=A2FGELUUNOQJNL&pf_rd_p=e31d89dd-322d-4646-8962-327b42fe94b1&pf_rd_r=TN195NYXMHC5PFKEEZ9J&pf_rd_s=center-1&pf_rd_t=15506&pf_rd_i=top&ref_=chttp_tt_240
Neon Genesis Evangelion: The End of Evangelion,"<selenium.webdriver.remote.webelement.WebElement (session=""16774413e9468f4230035ae3a6f9a0ca"", element=""3d67baa0-9792-4c48-ad7b-58a0b7a9079b"")>",https://www.imdb.com/title/tt0169858/?pf_rd_m=A2FGELUUNOQJNL&pf_rd_p=e31d89dd-322d-4646-8962-327b42fe94b1&pf_rd_r=QJ5A7TAW2TN8TR3JH03W&pf_rd_s=center-1&pf_rd_t=15506&pf_rd_i=top&ref_=chttp_tt_241
In the Mood for Love,"<selenium.webdriver.remote.webelement.WebElement (session=""16774413e9468f4230035ae3a6f9a0ca"", element=""178503bd-e805-4343-8256-eb454e704638"")>",https://www.imdb.com/title/tt0118694/?pf_rd_m=A2FGELUUNOQJNL&pf_rd_p=e31d89dd-322d-4646-8962-327b42fe94b1&pf_rd_r=Z0C36RXC216H15X4XTDK&pf_rd_s=center-1&pf_rd_t=15506&pf_rd_i=top&ref_=chttp_tt_242
The Battle of Algiers,"<selenium.webdriver.remote.webelement.WebElement (session=""16774413e9468f4230035ae3a6f9a0ca"", element=""907742db-213d-43f8-a413-0a0b175649dd"")>",https://www.imdb.com/title/tt0058946/?pf_rd_m=A2FGELUUNOQJNL&pf_rd_p=e31d89dd-322d-4646-8962-327b42fe94b1&pf_rd_r=EQATN685A9863RQZ6QY8&pf_rd_s=center-1&pf_rd_t=15506&pf_rd_i=top&ref_=chttp_tt_243
Infernal Affairs,"<selenium.webdriver.remote.webelement.WebElement (session=""16774413e9468f4230035ae3a6f9a0ca"", element=""3372e4c0-2b97-4369-a31e-97d598d54751"")>",https://www.imdb.com/title/tt0338564/?pf_rd_m=A2FGELUUNOQJNL&pf_rd_p=e31d89dd-322d-4646-8962-327b42fe94b1&pf_rd_r=YYW45FQTWY2RPT5KWNB7&pf_rd_s=center-1&pf_rd_t=15506&pf_rd_i=top&ref_=chttp_tt_244
The Legend of 1900,"<selenium.webdriver.remote.webelement.WebElement (session=""16774413e9468f4230035ae3a6f9a0ca"", element=""4184a4e6-500f-4f5d-a8c2-2c104b9c52ed"")>",https://www.imdb.com/title/tt0120731/?pf_rd_m=A2FGELUUNOQJNL&pf_rd_p=e31d89dd-322d-4646-8962-327b42fe94b1&pf_rd_r=EWQDET9XTDGJ6X00VEJN&pf_rd_s=center-1&pf_rd_t=15506&pf_rd_i=top&ref_=chttp_tt_245
Guardians of the Galaxy,"<selenium.webdriver.remote.webelement.WebElement (session=""16774413e9468f4230035ae3a6f9a0ca"", element=""d11884b8-15fc-4154-b49c-5612877b1982"")>",https://www.imdb.com/title/tt2015381/?pf_rd_m=A2FGELUUNOQJNL&pf_rd_p=e31d89dd-322d-4646-8962-327b42fe94b1&pf_rd_r=YME5QKVS81Q33DM1NXKA&pf_rd_s=center-1&pf_rd_t=15506&pf_rd_i=top&ref_=chttp_tt_246
Kis Uykusu,"<selenium.webdriver.remote.webelement.WebElement (session=""16774413e9468f4230035ae3a6f9a0ca"", element=""795ea892-9ef5-44d3-96d3-1cb1446dc7f5"")>",https://www.imdb.com/title/tt2758880/?pf_rd_m=A2FGELUUNOQJNL&pf_rd_p=e31d89dd-322d-4646-8962-327b42fe94b1&pf_rd_r=B2PRYM506DKYKKMD4Y70&pf_rd_s=center-1&pf_rd_t=15506&pf_rd_i=top&ref_=chttp_tt_247
Chak de! India,"<selenium.webdriver.remote.webelement.WebElement (session=""16774413e9468f4230035ae3a6f9a0ca"", element=""2775715a-5e9e-4107-ac90-fdf77c6cd588"")>",https://www.imdb.com/title/tt0871510/?pf_rd_m=A2FGELUUNOQJNL&pf_rd_p=e31d89dd-322d-4646-8962-327b42fe94b1&pf_rd_r=PW1TVVXA5M5E8PTRPDZ8&pf_rd_s=center-1&pf_rd_t=15506&pf_rd_i=top&ref_=chttp_tt_248
The Mirror,"<selenium.webdriver.remote.webelement.WebElement (session=""16774413e9468f4230035ae3a6f9a0ca"", element=""7b7eec0a-72fb-42d6-83a8-814668de5adc"")>",https://www.imdb.com/title/tt0072443/?pf_rd_m=A2FGELUUNOQJNL&pf_rd_p=e31d89dd-322d-4646-8962-327b42fe94b1&pf_rd_r=FF752RFCWMKGXKEBM89Y&pf_rd_s=center-1&pf_rd_t=15506&pf_rd_i=top&ref_=chttp_tt_249
The Cabinet of Dr. Caligari,"<selenium.webdriver.remote.webelement.WebElement (session=""16774413e9468f4230035ae3a6f9a0ca"", element=""d6394915-b210-4309-aad2-1703060a9f2f"")>",https://www.imdb.com/title/tt0010323/?pf_rd_m=A2FGELUUNOQJNL&pf_rd_p=e31d89dd-322d-4646-8962-327b42fe94b1&pf_rd_r=WVNBF00R2FD72S412YT3&pf_rd_s=center-1&pf_rd_t=15506&pf_rd_i=top&ref_=chttp_tt_250
